Purchaser,Transaction,Address,City,Province,Postal,Phone
Adelle Nitcher,733924.7,10 Midway Dr,Thorold,ON,L2V 5C7,905-998-3758
Adolph Krivanec,144429.22,6605 Federal St,Etobicoke,ON,M8Y 3L6,416-736-1436
Adria Gilliam,675713.76,60 15th Ave,Hamilton,ON,L8N 2V6,905-563-9396
Agustin Lakatos,862351.64,23 E Wacker Dr #64,Becancour,QC,G9H 4T4,819-365-5394
Ailene Friedman,1299603.02,479 Commerce Park,Enterprise,NB,E7G 1M2,506-907-7068
Alana Blackmon,870670.36,96 Hook Rd,Scarborough,ON,M1B 2S5,416-386-8947
Alberto Stenquist,900825.72,6126 E 14th St #6,St Catharines,ON,L2N 6C7,905-435-9456
Amalia Wolfgang,727222.02,394 Dice Rd #861,Windsor,ON,N8N 3V8,519-219-3608
An Dosal,458613.66,8 Leoole St #3,Drummondville,QC,J2B 3J9,819-324-8832
Andree Christmann,480013.46,765 Rock Island Rd,Strathroy,ON,N7G 3K6,519-872-6826
Anjelica Lovero,757492.62,689 S Steele St #1887,Amherst,NS,B4H 1K5,902-386-1443
Annamae Beliles,699991.88,8939 Merrill Field Dr,Burnaby,BC,V5G 4J9,604-877-2244
Annamaria Vanhuss,349548.38,8348 1st Ave W,Dundas,ON,L9H 2C3,905-495-3301
Antonette Stimac,259097.04,61 N Westshore Blvd,Kitchener,ON,N2A 1S3,519-670-5269
Apolonia Warne,326107.76,3 E 31st St #77,Fredericton,NB,E3G 0A3,506-978-1488
Arens Publications & Printing,2206204.14,18 Cameron St,Etobicoke,ON,M9C 2W4,416-463-6411
Argelia Hofbauer,382319.42,5 Columbia,North Vancouver,BC,V7J 2J9,604-823-2881
Arlette Torchio,1003704.22,485 Rolling Rd,Lasalle,QC,H8R 3C2,514-459-6883
Associated Brokers Inc,1827221.32,339 W 1st St,Montreal,QC,H2Z 1P5,514-224-2722
Asuncion Berson,58583.46,54 Whitaker Way,Reinfeld,MB,R6W 1K7,204-318-1929
Auto Trim Design,1388493.26,7059 E Kilbourn Ave #252,Tillsonburg,ON,N4G 4Y4,519-346-6651
Avery Masso,817784.58,6 Central Ave #664,Amherst,NS,B4H 1N1,902-588-8947
Barney Dewer,944460.14,88 Norris Ave #2,Bedford,NS,B4A 3V5,902-287-1148
Barney Hagen,494971.88,6335 Fort Myer Dr,Saint-Hyacinthe,QC,J2S 2N3,450-526-5424
Belen Nelton,1200122.76,77 Central Pky N,Quesnel,BC,V2J 1N4,250-768-5812
Bell Mirror & Glass Inc,1483865.08,5 Middletown Blvd,Richmond,BC,V6Y 1L9,604-632-4346
Bethanie Cutsforth,360217.46,5 Victory Ave,Cambridge,ON,N1S 2S8,519-328-4250
Bettina Vosmus,1034620.7,7 Ryan Industrial Ct,Vancouver,BC,V6H 3Y2,604-752-9256
"Bilicic, Kimberly A Esq",1998371.48,45 19th St,Lyttleton,NB,E9E 1Y1,506-251-3150
"Bogart, Edward J Esq",2147218.68,71 Linden Ave,Surrey,BC,V3W 9G2,604-458-2387
"Boland, William T Jr",1834971.88,1434 Ash St,Trochu,AB,T0M 2C0,403-251-6126
Boris Latif,7043.04,9390 Fortin Dr,Quebec,QC,G1M 2H8,418-459-4884
"Bowden, Mona M Esq",2241450.16,5 Westbranch Dr #36,Saskatoon,SK,S7M 3S3,306-739-3437
Brendan Kasperek,1116265.56,84 L St #98,Coquitlam,BC,V3E 2W1,604-947-9315
Brinda Mrkvicka,531573.98,1 Park Ave,Newbridge,NB,E7N 1J4,506-392-8334
Broadside Press,2330139.4,2 Hill Rd,Trois-Rivieres,QC,G8Z 3J2,819-294-4679
"Bryant, Julian A Jr",1666107.76,3878 Little John Way,Salt Spring Island,BC,V8K 2T5,250-901-1245
Buck Kotow,181850.06,863 Mcgilchrist St Se,Thunder Bay,ON,P7E 2H1,807-668-2676
Builders General Supply Co,2202351.64,8265 W Camelback Rd,Lethbridge,AB,T1H 6T3,403-513-9660
C C Industries,1945878.32,5 Pittsford Victor Rd,Edmonton,AB,T5V 1M7,780-924-8022
Callie Neikirk,910359.82,6601 Park Ave #9924,Mississauga,ON,L4T 0A1,905-465-6909
Caren Doscher,1178659.98,1770 Mission Ave,Calgary,AB,T3H 2S3,403-344-3614
Carlene Kana,716003.54,541 N 88th Ave,Brantford,ON,N3T 2H4,519-930-5055
Carman Gudiel,1326650.92,1 Frontage Rd,St. Johns,NL,A1B 5B3,709-366-8943
Carole Hughlett,853141.82,9 N Central Ave,Abbotsford,BC,V2S 5R3,604-262-8556
Celestine Pritt,670384.58,79 E 92nd St,Ottawa,ON,K1G 3B6,613-875-3120
Chandra Firlik,698182.88,686 S Dupont Hwy,Oshawa,ON,L1J 8H1,905-451-3719
Chandra Lagos,1195431.42,7 N Dean St,Etobicoke,ON,M8Z 3P6,416-716-6446
Chauncey Mcelreath,493792.68,615 Main St #3722,Vanier,ON,K1L 7E2,613-908-7090
Cherelle Welschmeyer,27549.06,2 Ramona Ave #6,Guelph,ON,N1E 5N9,519-322-9933
Cheyenne Business Equipment,2193141.82,985 Joyce St,Surrey,BC,V3R 4T5,604-833-9067
Chi Morgan,1133585.06,2953 5th Ave #27,Saint-Raymond,QC,G3L 3K2,418-922-5578
Christa Cloutier,1287878.02,743 Wolfert Ave,Calgary,AB,T2L 2G4,403-461-2407
Chu Collopy,1220313.88,8 E 9mile Rd #697,Trois-Rivieres,QC,G8V 2J6,819-677-1206
Chuck Berggren,391472.96,764 Louisville Plac,St. Johns,NL,A1E 2L8,709-534-6576
Chun Richrdson,361317.6,3 Aiea Heights #660,Regina,SK,S4T 3L1,306-245-2534
Computer Services,1469342.16,430 State Route 10 #7548,Sherbrooke,QC,J1N 0H6,819-342-1651
Coral Helmcamp,605878.32,4184 E 142nd St,Toronto,ON,M5V 0B4,416-589-6075
Cordelia Nicks,585754.2,572 Simpson St,Georgetown,ON,L7G 2T4,905-975-4308
Cordell Zinda,884085.1,91 Argyle Rd,Sherbrooke,QC,J1H 6E3,819-508-6057
Corrie Kardell,487221.32,75 Westchester Ave,Pierrefonds,QC,H9J 1W6,514-203-7817
Crissy Pacholec,530420.24,85 S State St,Barrie,ON,L4N 6T7,705-477-2307
Danilo Pride,710396.98,6857 Wall St,Red Deer,AB,T4R 2H5,03-9935-5135
Darell Mcalarney,186190.32,8 E 92nd St,Ajax,ON,L1S 6V3,905-846-7737
Darrin Tumolillo,486344.96,4 Pedretti Ave #2,Saskatoon,SK,S7H 1X9,306-748-5721
"Davis, Maxon R Esq",2067222.02,100 Rombouts Ave,Halifax,NS,B3N 2X2,902-500-1564
Dell Polino,224176.64,56 Corporate Dr,Becancour,QC,G9H 1H7,819-255-1725
Devon Delacerda,545367.94,250 University Ave #9,Comox,BC,V9M 1T4,250-525-4631
Dorothea Lowther,218177.46,2763 Fort Campbell Blvd #7554,Sudbury,ON,P3E 2W9,705-793-4986
Dorothy Aitken,394910.06,4 Hanover Pike,Mississauga,ON,L5V 1E5,905-554-3838
Doyle Hathcox,360351.46,48 Market St,Prince George,BC,V2M 1K4,250-227-4140
E Z Tel Dirctry Brkrs & Banks,1367593.28,8 General Dr,Nanaimo,BC,V9R 4Z4,250-904-7361
Edelmira Calzado,917784.76,4936 Walcott Rd,Regina,SK,S4R 3M1,306-611-7185
"Eisen, Lisa",1498685.48,958 Airline Dr,Valley,NS,B6L 2X2,902-210-1513
Elfrieda Hinsch,177315.5,4929 Sidney St #8276,Vernon,BC,V1T 4A3,250-454-9384
Elfriede Bakeley,825544.52,538 Fayetteville Street Mall,Grand-Sault/Grand Falls,NB,E3Z 2K5,506-404-8558
Elina Maury,793778.48,2097 N Stonestreet Ave,North York,ON,M6M 3B1,416-582-4379
Elise Michelle,222606.16,88 E Saint Elmo Rd,Hamilton,ON,L8R 3J3,905-652-4509
Ellsworth Rieg,852654.06,7662 Us Highway 46 #9003,Napanee,ON,K7R 1K5,613-862-4724
Elton Iron Co Inc,2589894.38,449 Oakwood Ave,Kingston,ON,K7K 3L3,613-362-7798
Emile Dorio,1022721.5,264 Jefferson Hwy #83,Saint-Bruno,QC,J3V 4R8,450-529-3773
Emmett Mcshaw,827608.12,920 Union Blvd,Sault Ste. Marie,ON,P6B 5Y2,705-581-1220
Enola Yandow,757041.04,7 Sw 5th Ave,Dartmouth,NS,B2W 6G3,902-539-1621
Environmental Data Resources,2257784.76,2719 N Delaware St,Anjou,QC,H1M 1X5,514-842-3549
Essie Fitzke,502981.06,9 3rd St,Welshpool,NB,E5E 1G8,506-785-2719
Eura Mcglocklin,619922.86,9 N Monroe St,Lloydminster,SK,S9V 0C6,306-979-2571
"Evans, Gerald H Esq",1816966.3,5661 Harding St,Montmagny,QC,G5V 1N6,418-930-7475
Feldman Co Inc,1870420.24,6173 Landmeier Rd,Richmond Hill,ON,L4C 9T5,905-692-6934
Felix Tutterrow,1040873.14,92 W 39th St #9990,London,ON,N6G 3E5,519-426-7161
Felton Yafuso,1198359.32,202 Madison Ave,Ottawa,ON,K1Y 1M2,613-749-1169
Fidelia Vilven,234797.48,9 Meridian St,Scarborough,ON,M1G 1V4,416-892-4321
Florencia Stadel,865579.7,178 Riverdale Rd,Ingersoll,ON,N5C 2W2,519-961-7871
Florinda Mackedanz,357885.86,2782 Midland Ave,Dieppe,NB,E1A 8X6,506-230-8075
Floyd Bub,995812.96,4701 N Cocoa Blvd,Toronto,ON,M4V 2Z2,416-557-9767
Francesco Sarchet,96691.72,22 Dearborn St,Regina,SK,S4T 4B1,306-524-4509
Franchesca Lamme,194291.96,3208 W Touhy Ave,Charlottetown,PE,C1E 1W8,902-715-9684
Frank Amend,1257841.92,2583 Lincoln Blvd,Cambridge,ON,N1S 1A7,519-823-9369
Freeman Rudig,715844.08,4 W Sedgley Ave,Otterburn Park,QC,J3H 4V8,450-347-6388
Gaber Nyman & Co,1476788.54,45 S Cedar Ridge Dr,Lloydminster,SK,S9V 1T4,306-510-5011
Gaynell Benavente,337446.84,71 W Indian School Rd,Thunder Bay,ON,P7E 2H1,807-284-2501
Georgeanna Marrano,709043.58,3493 Camino Ruiz,Hamilton,ON,L8N 2V6,905-366-7378
Georgiana Colbath,1193739,505 E 9mile Rd,Sainte-Therese,QC,J7E 3C9,450-409-1254
Georgiann Hoerter,153846.74,4945 Progress Dr,Grand-Mere,QC,G9T 3C3,819-632-2869
Gerald A Coniglio Md/facs,1820013.46,894 Feather River Blvd,Edmonton,AB,T6L 4W9,780-751-5370
Gianna Branin,143865.08,100 Main St,Calgary,AB,T2K 4X5,403-337-7162
Glendora Pezley,1246620.76,2 80e E #7867,Edmonton,AB,T5Y 3J7,780-508-2609
Glennis Roseum,973393.42,1 Pershing Ave,Brandon,MB,R7A 4C6,204-514-9319
Golden West Machine Inc,1777114.7,6 S San Marcos Rd,North York,ON,M2N 2B8,416-266-5891
Gregg Epperheimer,1003347.78,59 W Jackson Blvd #11,Lasalle,QC,H8R 3T2,514-302-4158
Gretchen Mckeon,1222084.02,809 W Bayshore Rd,Trail,BC,V1R 4Y2,250-617-7197
"Gwinn, Malcolm S Esq",1517315.5,647 S Rainbow Blvd Bldg #4577,Cap-aux-Meules,QC,G4T 1M6,418-682-7368
Hannah Edmison,336551.72,73 Pittsford Victor Rd,Vancouver,BC,V5Z 3K2,604-334-3686
Harris Sheck,616361.14,9875 Sheafe Rd,Montreal,QC,H2H 1Z2,514-257-9319
Herminia Penso,459917.48,880 W South Water Market,Fort McMurray,AB,T9H 3A8,780-740-5294
Hershel Bultron,31251.48,658 W 30th St,London,ON,N5Z 1R6,519-844-4835
Hildegarde Wehrwein,1253962.62,2 Cottman Ave,West Vancouver,BC,V7T 1R7,604-960-7463
Hollis Stanfield,412595.38,5174 Interstate 45 N,Yellowhead County,AB,T7E 3A7,780-574-5620
Hortencia Bresser,1296900.24,808 Calle De Industrias,New Waterford,NS,B1H 1Z4,03-6517-9318
Houma Fabricators Inc,1347043.04,92 A Glenneyre Ave,Cranbrook,BC,V1C 4E3,250-226-8113
"Huber, J R Esq",1640067.54,9 Park St,Chilliwack,BC,V2P 3X4,604-637-3549
"Huetter, Glen A Jr",1752595.38,7767 W Central Ave #2,Truro,NS,B2N 6J6,902-811-1450
Huey Marcille,1062398.9,169 Journal Sq,Edmonton,AB,T5P 1G9,03-1600-5230
Hui Portaro,1091665.84,3 Mill Rd,Baker Brook,NB,E7A 1T3,08-1937-3980
Iesha Wardle,1033627.76,781 Alabama Ave,Etobicoke,ON,M8Z 2C1,416-989-2001
Ilona Dudash,48493.26,2 Sutton Pl S #5727,Rouyn-Noranda,QC,J9X 3V4,819-536-7034
Img Scene Internet Multimedia,1436691.72,142 E 57th Ave #2,Amqui,QC,G5J 1E2,418-362-9768
Institute For Human Dev,1818166.94,68 Nw Raleigh St #88,Red Deer,AB,T4N 2H5,403-883-4097
"Irvine, Stephanie B Esq",1451016.32,79 E Jackson St,Sherbrooke,QC,J1K 1C5,819-858-7901
Ivette Dills,678978,7585 Calle De Industrias,Reserve Mines,NS,B1E 1G6,902-244-5318
Jacinta Deppen,833517.52,1458 W Henry St,Nelson,BC,V1L 1A7,250-203-5054
"Jacks, Gerald H Esq",2096933.84,80 Wisconsin Ave,Calgary,AB,T2L 1X5,403-328-5056
Jaime Lowrance,136788.54,1 Nw 167th St,Winnipeg,MB,R3J 2Z1,204-438-6204
Jaime Wasurick,807218.68,6760 E Fayette St #9,Saint-Damien,QC,J0K 2N1,450-531-8633
Jame Mastro,129342.16,4465 James St,Kitchener,ON,N2N 1Y6,519-920-7003
"Janik, Frank J Iii",2666650.92,6096 N Michigan Ave,Gatineau,QC,J8P 4L6,819-820-6568
Janna Bastain,651014.88,41 Drive Hwy 54s S,Vancouver,BC,V6N 3C5,604-575-7837
Jerilyn Norcia,1013534.46,9 Main St,Hanover,ON,N4N 2P6,519-978-7661
Jillian Hailstone,718784.04,8721 Everett Rd,Mississauga,ON,L4Z 2V7,905-864-2257
Johnathon Wadden,933484.2,4714 S Main St,Peterborough,ON,K9J 3N7,705-646-2781
Josefa Opitz,503766.3,136 W Grand Ave #3,Delhi,ON,N4B 1C4,08-4712-2157
Josue Hatherly,1208103.8,755 135th St,Etobicoke,ON,M9W 1M9,416-337-2239
Judy Boerboom,907044.66,384 N Main St,Paradise,NL,A1L 0H4,709-560-7848
Juniata College,1722319.42,4 Beaverbrook Rd,Winnipeg,MB,R2P 2J7,204-894-9221
Justa Dini,457154.4,8 J St,Vernon,BC,V1T 6J8,250-982-9377
Karina Cortesi,194885.58,901 Broughton Ave #7,Saint-Bruno,QC,J3V 5S1,450-252-9611
Katherine Goldman Pc,2380873.14,5 E King St #6,Victoriaville,QC,G6T 1N5,819-511-9240
Keith Evartt,727762.04,973 El Camino Real,Derby Junction,NB,E1V 5B4,506-229-5393
Kendra Loud,1106250.4,6 Arch St #9757,Alcida,NB,E8J 2C4,506-363-1526
Kenneth Drizin,488919.1,2 Scott Blvd,Amos,QC,J9T 1S3,819-999-6396
Kimberely Rabuse,144071.44,89 W 35th St #1,Windsor,ON,N8S 3R1,519-912-5533
Kimi Selfe,595002.88,2 W Kellogg Dr #5,Jonquiere,QC,G8A 1H7,418-795-3880
"Kowall, Carol Esq",2535431.42,32 Marguerite Pky,Edmonton,AB,T6A 0L9,780-720-7927
Kristal Bothe,709692.14,896 Pershing Ave,Paradise,NL,A1L 2Y8,709-976-5766
L M Mccown & Son Co,2630738.92,6 Friendship Dr #5055,Prince Albert,SK,S6V 6A4,306-256-9309
Lafayette Apprl Producers Inc,2250359.82,18 Nw 6th St,Sault Ste. Marie,ON,P6B 2W6,705-414-4712
Lakeesha Beachel,1298573.9,1 Sw 72nd Ave,Chilliwack,BC,V2P 4W3,604-352-7502
Lang Heuring,756933.84,2 Global Rd,Cambridge,ON,N1R 2X2,519-985-7311
Lasandra Frisinger,1205575.22,1 Highway 71 S,Abbotsford,BC,V2S 2G5,604-210-7413
Latanya Mattia,1180801.3,8229 S Washington Ave,Portage la Prairie,MB,R1N 3T4,204-649-9481
Laurena Begin,990139.4,7564 N Academy Ave,London,ON,N6A 1S5,519-790-8660
Lauryn Randol,358400.42,4207 Leon Rd,North Vancouver,BC,V7L 3X6,604-236-4625
Lazaro Mollison,1076420.66,31 E Middlefield Rd #8555,Beloeil,QC,J3G 3J4,450-356-6427
Lea Steinhaus,406360.36,80 Maplewood Dr #34,Bradford,ON,L3Z 2S4,02-2612-1455
Leanna Tijerina,582207.22,2859 Dorsett Rd,North York,ON,M9L 2T9,08-9855-2125
Leila Titzer,876207.24,9 Constitution Ave,Calgary,AB,T2X 2M9,403-733-8035
Lelia Thiemann,92478.76,440 Town Center Dr,Kamloops,BC,V2B 7W6,250-671-3851
Lenita Darbro,300982.76,2726 Franklin Hill Rd,Vernon,BC,V1T 7V8,250-749-4517
Leonor Beilinson,1247396.62,269 Distribution Way,Orleans,ON,K1C 1Z6,613-338-5158
Leontine Lafoy,727499.4,191 Richland St #5,Quebec,QC,G1J 4B2,418-271-8667
Leontine Stalma,740375.46,859 Franquette Ave,Simcoe,ON,N3Y 5H1,519-641-7145
Lera Hua,300067.54,6638 S Webster St #491,Miramichi,NB,E1V 2N4,506-556-4300
Lindsey Arnoldi,1199037.36,87 Via Contenta,West Kelowna,BC,V1Z 2J2,250-387-4636
Lon Tibbles,612583.68,78 Eastway Dr,Mississauga,ON,L5E 1B7,905-233-1845
Lorriane Naddeo,785226.6,7 Airway Cir,Duncan,BC,V9L 2T9,250-544-1482
Louis Zarling,1262722.2,6 E Kingsbridge Rd,Stoneham-Et-Tewkesbury,QC,G3C 2A8,418-568-3216
Lourdes Bauswell,829706.56,9547 Belmont Rd #21,Belleville,ON,K8P 1B3,613-903-7043
Lyla Fucillo,972706,7979 33 191,North River,NS,B6L 6N1,902-844-1174
Lynsey Sport,1227306,7 Mccrea St,Chilliwack,BC,V2P 6L6,604-525-6939
M T I Corp,1959922.86,7167 Bethlehem Pike #80,Etobicoke,ON,M9P 1J9,416-681-6822
Maddie Foulds,45501.04,56 N Wood Ave #25,Montreal,QC,H2M 1W9,514-874-9519
Madonna Landman,39693.48,283 Andover St,Castlegar,BC,V1N 3P7,250-307-7698
Mammie Cisney,587951.8,14 E 30th St,Montreal,QC,H1E 1R4,514-205-4258
Marc Hotels & Resorts Inc,1977255.76,611 Grand Ave,Calgary,AB,T2J 1Y3,403-341-7208
Margot Storrs,321356.12,237 S French Ave,Woodbridge,ON,L4H 2L8,905-309-5010
Marion Letran,881657.02,5670 Leonis Blvd,Gatineau,QC,J8Y 5Z4,819-966-7240
Market Decisions Inc,2073924.7,91 E Cary St,Camrose,AB,T4V 2Y4,780-447-2249
Marquetta Quinlisk,330004.48,2965 Lake Lizzie Dr,Mont-Royal,QC,H3R 1G3,514-950-3156
Maryland Match Corp,2593962.62,5 New Circle Rd Ne,Belleville,ON,K8N 1R9,613-631-9322
Matthew Armacost,437114.7,220 Old Us Highway 441,Peterborough,ON,K9H 6C3,705-417-7221
Maxima Brzozowski,476966.3,864 Aupuni St,St Catharines,ON,L2T 2V2,905-569-6732
Mccarn Enterprises Inc,2540122.76,56 Washington Rd,Halifax,NS,B3K 2C1,902-654-7334
Medicine Shoppe,1991014.88,5 S Gage St #6175,Kenora,ON,P9N 1K7,807-289-5397
Meek & Associates Real Estate,1562606.16,79 Lexington Ave #83,Chicoutimi,QC,G7J 4W9,418-470-4541
Meghann Mamudoski,230541.64,7675 N Solano Dr,Hebbville,NS,B4V 7A2,902-348-8759
Melvin Rather,507214.12,8794 34th Ave,Drummondville,QC,J2B 3S8,819-418-3496
Melynda Anstead,1125432.5,3 Lee Dr #8435,Longueuil,QC,J4J 3E9,450-470-3593
Michal Gunyan,443416.72,9514 Mount Vernon Ave,Quebec,QC,G2B 4L7,418-399-6819
Miss Dunning,637255.76,38 Douglas Rd E #39,Regina,SK,S4R 1J5,306-508-8874
Monte Tindal,1292679.24,577 Page Ave,Laval,QC,H7M 5P7,450-637-6499
Murray Fode,764093.46,59 W Century Rd,Pointe-Claire,QC,H9R 5N9,514-921-5562
Nabisco Inc,2312706,2 Executive Blvd,Espanola,ON,P5E 1C1,705-646-4992
Nada Massanet,747699.9,80 Sw End Blvd,Surrey,BC,V3R 4L7,604-570-1494
Nadine Swartzbeck,1194770.8,3 Federal Blvd,Beloeil,QC,J3G 4M4,450-353-2331
National Compugraphix Inc,1564176.64,44 S Highland Dr,Albanel,QC,G8M 3P2,418-212-6756
Nobuko Logwood,1294220.24,612 York St,Sarnia,ON,N7V 3X4,519-739-4745
Nohemi Leko,158685.48,37 Us Highway 12e E #6,Sault Ste. Marie,ON,P6C 2C8,705-838-9265
Ocie Chreene,975258.7,72 W Hampden Ave,Orleans,ON,K1E 2C8,613-756-9548
Odette Thigpen,265366.9,1831 Everett Rd,Corner Brook,NL,A2H 2K1,709-744-4165
Olga Adessa,237276.48,8507 Upland St,Burlington,ON,L7P 4T1,905-775-6413
Oliva Ramerez,854638.6,8688 Manning Blvd #547,Calgary,AB,T2C 1W4,403-690-1059
Otis Luong,118233.56,263 L St #1255,Simcoe,ON,N3Y 2P6,519-739-4515
Pamela Mccoskey,147761.8,6 West St #2,Terrebonne,QC,J6W 4W3,450-282-1236
Paola Perkins,715302.72,3951 Seaway Dr,Grande Prairie,AB,T8V 4G4,780-573-8903
Paola Vielma,1080735.46,58 Hancock St,Aurora,ON,L4G 2J7,02-2393-3289
Paris Bellis,1023973.06,89 Parade St,Woodstock,ON,N4S 3K1,519-909-5933
Paulene Rhule,996623.66,21 E 64th Ave,Matane,QC,G4W 3G6,418-348-2107
Paulina Arand,162318.22,5652 Wisconsin Ave,Winnipeg,MB,R2J 2V1,204-636-8766
Peking Garden,2402518.16,922 Railroad Ave #7063,Lachine,QC,H8R 1R7,514-872-9323
Percy Neelon,433255.5,901 Highway 74,Rimouski,QC,G5L 1N6,418-537-1430
Phil Kuechler,42614.68,7 Mcwhorter Rd,Jonquiere,QC,G7X 2X4,418-940-4070
Phuong Sugai,478166.94,8926 E 119th St #9,Lavaltrie,QC,J5T 2C7,450-501-4406
Plaza Inn,2602722.2,4956 Midway Rd #65,Fatima,QC,G4T 2N4,418-823-9061
Polly Sandusky,1044834.18,39 Logan Ave #9518,Hamilton,ON,L9A 4H9,905-705-6018
Precious Dubray,1007515.18,846 Middletown Blvd #427,Orillia,ON,L3V 4N5,705-607-6992
Providencia Marien,974682.5,83 Magnavox Way,Ottawa,ON,K2C 2V1,613-256-5226
Queenie Kramarczyk,40740.02,47 Garfield Ave,Swift Current,SK,S9H 4V2,03-8369-6924
"Rabin, Daniel S Esq",2538359.32,1 N Main St #16,Etobicoke,ON,M9A 0A5,416-494-3939
Ramapo Memorial Co,1352657.64,91 Nw 52nd Ave,Mirabel,QC,J7N 2E1,450-474-6397
Rana Lehn,1178761.82,32 Rocklyn Ave,Milton,ON,L9T 5W8,905-286-8285
Rashad Menino,1290738.92,8 Commercial Ave,Carleton Place,ON,K7C 2T3,613-697-2555
Renato Airhart,658371.48,1 Vernon Blvd,Calgary,AB,T2A 2H9,403-444-2250
Renay Oviedo,574344.1,873 E Cumberland St,North York,ON,M6B 3Y3,416-336-6767
Rob Young Ldo,2167608.12,71 West Ave,Sault Ste. Marie,ON,P6C 2C8,705-531-2796
Romana Riesgraf,258436.42,986 Whitaker Way,Moncton,NB,E1A 6P3,506-310-3728
Rose & Co Management Cnslnts,2336623.66,41 Augusta Hwy,Richmond,BC,V6X 3S2,604-864-2113
Rosendo Lanter,893424.9,2052 E Semoran Blvd,Regina,SK,S4N 5R4,306-700-6743
Ruby Mfg & Sales,1698400.42,5518 Whippany Rd,Oakville,ON,L6L 6V2,905-208-4039
Ruby Sensibaugh,1131836.36,637 Wright Rd,Coquitlam,BC,V3K 2P4,604-553-2468
Salina Knavel,901450.16,4 Newark St,Arnprior,ON,K7S 2G8,613-280-7170
Sanda Laramie,964221.12,5181 N Alma School Rd,Dawson Creek,BC,V1G 1Y2,250-700-8923
Shanice Pennel,706454.7,31 N Canal St,Kingston,ON,K7L 2Y7,613-850-3405
Shawnna Arredondo,180712.4,4 N Brand Blvd,Orleans,ON,K4A 0V9,613-996-1062
Shay Knieper,612905.28,571 Maiden Ln #7,Brossard,QC,J4X 1J9,450-806-3050
Shoshana Courter,494435.88,8763 N Front St,Windsor,ON,N8Y 4T9,519-396-2906
Sina Masiejczyk,1149921,3067 W Wabansia Ave,Etobicoke,ON,M9C 5B4,416-369-7013
Sommer Frere,733099.26,1309 Pitney Rd,Saint-Hubert,QC,J3Y 4R3,450-777-9643
Starr Prothro,741975.42,133 Us Highway 206,Chicoutimi,QC,G7H 4M5,418-811-3750
Steffanie Meinen,559342.8,801 W Belmont Ave,Montreal,QC,H3C 5G9,514-964-9106
Stephanie Garlett,706427.9,6 L St #1761,Kanata,ON,K2T 1G5,613-557-7338
Tambra Lembke,866204.14,6734 W Jackson Blvd,Salmon Arm,BC,V1E 4G9,250-353-7479
Tamera Crocker,341543.22,652 Pacific Hwy,Edmonton,AB,T5C 3M1,780-833-7024
Tammy Sams,236420.22,5 Secaucus Rd,Nanaimo,BC,V9R 5W6,250-226-1002
Tawanna Kuamoo,918758.94,380 Main St,Matane,QC,G4W 3G6,418-734-9693
Tenesha Stropko,397966.6,648 Waihona St #1152,Cardigan,NB,E6B 1L7,506-629-6209
Tennie Santanna,803469.36,196 Waterman Ave #1,Trois-Rivieres,QC,G8T 6A2,819-261-5496
Terrilyn Waska,294730.32,6 E Miraloma Ave,Gatineau,QC,J8M 2A5,819-670-6020
Thora Daneker,626960.54,6 Old York Rd,Gatineau,QC,J8P 3A1,819-648-4049
Tish Violett,12657.64,1 Norris Ave #4095,Laval,QC,H7W 5K7,450-840-7605
Toi Rollison,1218145.76,2 S Church St,Terrebonne,QC,J6W 1M9,450-714-2875
Tom Loeza,1166782.22,447 Commercial St Se,LIle-Perrot,QC,J7V 4T4,514-487-6096
Toshia Lippoldt,79989.96,7 Duluth St,Stoneham-Et-Tewkesbury,QC,G3C 0S2,418-759-7863
Tradition Music Co,2373627.76,8899 E Slauson Ave,Mississauga,ON,L5M 4A7,905-860-8703
Trinidad Bredernitz,340723.14,75 N Washington Ave,Lasalle,QC,H8N 1S9,514-561-2312
Troy Dicus,954846.48,58 Calle Arroyo,Trenton,ON,K8V 3Z2,613-938-7999
V R Food Equipt Sales Inc,2058784.04,8718 N 13th Ave,Chatham,ON,N7L 5C4,519-287-4120
Val Bigaud,62496.26,42 N 16th St #620,Montreal,QC,H2C 3A1,514-726-2573
Valene Madson,204868.58,42 Main St,Alma,QC,G8B 7M5,418-646-3844
Valentin Billa,1249894.38,6185 Bohn St #72,Pangman,SK,S0C 2C0,306-291-5073
Vend Alaska,1484071.44,7635 Run Subdivision,Surrey,BC,V3X 2L5,604-925-4225
Vicki Maikoksoong,111016.32,7 Tomahawk Dr,Richmond,BC,V7A 3N1,604-231-6180
Wayne Shivers,309191.6,865 Ponce De Leon Blvd,Chicoutimi,QC,G7H 6A2,418-374-1965
"Weinbren, Don B Esq",1576420.22,7 Ramon Rd,Beloeil,QC,J3G 2C1,450-751-1928
"Weiner, Sheldon Md",1797154.4,6 N Town East Blvd,Calgary,AB,T2X 0J3,403-571-8756
Weso Radio Station,1927951.8,548 Midland Ave,Windsor,ON,N8T 1V1,519-334-1058
"Whitehead, David Barry Esq",2467778.84,6 E Rand Rd #73,Calgary,AB,T2J 1G9,403-696-7108
Willard Lablanc,27593.28,1534 Sidco Dr,Leduc,AB,T9E 5A6,780-384-5410
Willis Wylie,1062518.16,646 9th St,Saint-Raymond,QC,G3L 3X9,418-833-1949
Willow Foods Inc,1640982.76,305 Industrial Blvd,Oakville,ON,L6H 6M8,905-796-8265
Xenia Mushero,1127778.84,1 El Camino Ave #39,Kingston,ON,K7K 1P6,613-714-1829
Yan Bubrig,878004.18,712 N 5th St,Grand Manan,NB,E5G 1L1,506-493-4894
Yong Yestramski,935559.86,365 Zebra Pl,Brantford,ON,N3R 3C6,519-344-3979
Yvette Capiga,960424.9,33 Broadway St #8539,Big Valley,AB,T0J 0G0,403-919-6456
Zoila Lannigan,1007324.9,40 N Dean St,York,ON,M6N 3Z2,416-322-9207