Product: Drug Name,Product: drug company,Product: drug ,Product: Car Model,Product:  Car Make
Indapamide,Mylan Pharmaceuticals Inc.,Indapamide,ES,Lexus
bareMinerals,Bare Escentuals Beauty Inc.,Titanium Dioxide and Zinc Oxide,Thunderbird,Ford
PERIOSCIENCES SENSITIVE AO Pro,PERIOSCIENCES LLC,"POTASSIUM NITRATE, SODIUM MONOFLUOROPHOSPHATE",Sportvan G20,Chevrolet
Candesartan cilexetil,Par Pharmaceutical Inc.,Candesartan cilexetil,W201,Mercedes-Benz
Childrens Allergy Relief,Safeway,cetirizine hydrochloride,Rendezvous,Buick
Aliclen,Prasco Laboratories,Salicylic Acid,Savana 1500,GMC
Aspirin,TOP CARE (Topco Associates LLC),Aspirin,Esprit,Lotus
Zolpidem Tartrate,NorthStar Rx LLC,Zolpidem Tartrate,Swift,Suzuki
LEVOFLOXACIN,Cardinal Health,LEVOFLOXACIN,Montero Sport,Mitsubishi
Cetirizine Hydrochloride,"Dispensing Solutions, Inc.",Cetirizine Hydrochloride,Galant,Mitsubishi
Contact Allergy,Apotheca Company,"Rhus toxicodendron, Rhus diversiloba, Rhus venenate, Uritica dioica, Anacardium orientale, Graphites,",LR3,Land Rover
Nasohist,"Hawthorn Pharmaceuticals, Inc.","Chlorpheniramine Maleate, Dextromethorphan Hydrobromide, Phenylephrine Hydrochloride",Sequoia,Toyota
Haddock,"Nelco Laboratories, Inc.",Haddock,FJ Cruiser,Toyota
SPEEDGEL RX,"Gensco Laboratories, LLC","ECHINACEA ANGUSTIFOLIA, ECHINACEA PURPUREA, ACONITUM NAPELLUS, ARNICA MONTANA, CALENDULA OFFICIANALIS, HAMAMELIS VIRGINIANA, BELLADONNA, BELLIS PERENNIS, CHAMOMILLIA, MILLEFOLIUM, HYPERICUM PERFORATUM, SYMPHYTUM OFFICINALE, COLCHICINUM, ZINGIBER OFFICINALE",S10,Chevrolet
Fluocinolone Acetonide,"Amneal Pharmaceuticals, LLC",Fluocinolone Acetonide,Express 2500,Chevrolet
Thiamine Hydrochloride,"Physicians Total Care, Inc.",Thiamine Hydrochloride,GT500,Ford
GOOD NEIGHBOR PHARMACY LUBRICANT EYE DROPS,"HANLIM PHARM. CO., LTD.",POLYETHYLENE GLYCOL 400,200,Audi
Sertraline Hydrochloride,TYA Pharmaceuticals,Sertraline Hydrochloride,Ram Van B350,Dodge
hydrocodone bitartrate and acetaminophen,"Talec Pharma, LLC",hydrocodone bitartrate and acetaminophen,Corvette,Chevrolet
Ibuprofen,"Stephen L. LaFrance Pharmacy, Inc.",Ibuprofen,ES,Lexus
LBEL,"Ventura International, Limited",OCTINOXATE and OXYBENZONE,612 Scaglietti,Ferrari
ONION,"Allergy Laboratories, Inc.",onion,Civic,Honda
PAROXETINE,TYA Pharmaceuticals,paroxetine hydrochloride,S-Class,Mercedes-Benz
Haloperidol,State of Florida DOH Central Pharmacy,Haloperidol,Protege5,Mazda
PROPAFENONE HYDROCHLORIDE,Cardinal Health,propafenone hydrochloride,Bonneville,Pontiac
Triamterene and Hydrochlorothiazide,"AvKARE, Inc.",Triamterene and Hydrochlorothiazide,Cooper Clubman,MINI
sotalol hydrochloride,"Physicians Total Care, Inc.",sotalol hydrochloride,Mustang,Ford
Chlordiazepoxide Hydrochloride,Mylan Institutional Inc.,Chlordiazepoxide Hydrochloride,F250,Ford
Ribavirin,Cadila Healthcare Limited,Ribavirin,G,Infiniti
Rosmarinus Poterium,Uriel Pharmacy Inc.,Rosmarinus Poterium,Mariner,Mercury
magix,"Avon Products, Inc",Titanium Dioxide,TL,Acura
COUMADIN,"Aphena Pharma Solutions - Tennessee, Inc.",warfarin sodium,Legacy,Subaru
Health Mart Multi-Symptom Cold and Flu Night Time,McKesson (Health Mart),"ACETAMINOPHEN, DEXTROMETHORPHAN HYDROBROMIDE, DOXYLAMINE SUCCINATE",Cobalt SS,Chevrolet
Levofloxacin,"Preferred Pharmaceuticals, Inc.",Levofloxacin,Cube,Nissan
Aldex AN,"Pernix Therapeutics, LLC",DOXYLAMINE SUCCINATE,Camry,Toyota
Paroxetine,Teva Pharmaceuticals USA Inc,Paroxetine Hydrochloride,Tracker,Chevrolet
Ranitidine,Lake Erie Medical DBA Quality Care Products LLC,Ranitidine,Mini,Austin
Deb Med Antimicrobial Foaming Hand Wash Fresh Grapefruit,"Deb USA, Inc.",Triclosan,Thunderbird,Ford
DOUBLE PERFECTION LUMIERE,CHANEL PARFUMS BEAUTE,TITANIUM DIOXIDE,Caliber,Dodge
Eve Lom Radiance Lift Foundation SPF 15,Space Brands Limited,Titanium Dioxide and Octinoxate,Savana 3500,GMC
Perfecting Liquid Foundation Espresso,"Arbonne International, LLC",Zinc Oxide,Ranger,Ford
Shopko,"Shopko Stores Operating Co., LLC","Bacitracin zinc, Neomycin sulfate, Polymyxin B sulfate, and Pramoxine hydrochloride",Sunbird,Pontiac
Bicalutamide,Mylan Pharmaceuticals Inc,bicalutamide,Camaro,Chevrolet
Viral Infection,"Newton Laboratories, Inc.","Influenza A Virus, Influenza B Virus, Morbillinum, Aconitum nap., Antimon. tart., Arnica, Arsenicum alb., Baptisia, Belladonna, Bryonia, Cantharis, Chamomilla, Gaultheria procumbens, Hepar sulph. calc., Iodium, Lachesis, Lycopodium, Merc.viv., Phosphorus, Pulsatilla, Rhus toxicodendron, Trifolium pratense, Echinacea, Hydrastis",Liberty,Jeep
Chick Pea,"Nelco Laboratories, Inc.",Chick Pea,E250,Ford
superSHOCK,"Avon Products, Inc.","OCTINOXATE, OXYBENZONE",F250,Ford
lovastatin,"Mutual Pharmaceutical Company, Inc.",lovastatin,928,Porsche
Salicylic Acid,CVS Pharmacy,Wart Remover Medicated Discs,Ranger,Ford
Apple Cider Antibacterial Foaming Hand Wash,"SJ Creations, Inc.",Triclosan,V8 Vantage,Aston Martin
Lubricant Eye Drops,Premier Value,Polyethylene Glycol 400 and Propylene Glycol,E-Class,Mercedes-Benz
Moore Medical Extra Strength Non Aspirin,Moore Medical LLC,Acetaminophen,325,BMW
Skin Shield,Insight Pharmaceuticals,Benzethonium Chloride and Dyclonine Hydrochloride,Coachbuilder,Buick
CD DiorSnow White Reveal UV Shield Foundation 020-Light Beige,Parfums Christian Dior,"OCTINOXATE, TITANIUM DIOXIDE",Esteem,Suzuki
BETULA LENTA POLLEN,"ALK-Abello, Inc.",Birch Black,H2,Hummer
Body Repair Balm,"Skinfix, Inc.",Skin Protectant,Celica,Toyota
Hydrocodone Bitartrate and Acetaminophen,VistaPharm Inc.,Hydrocodone Bitartrate and Acetaminophen,SX4,Suzuki
ADRUCIL,"Teva Parenteral Medicines, Inc.",fluorouracil,Rodeo,Isuzu
Histamine Positive,"ALK-Abello, Inc.",histamine phosphate,Paseo,Toyota
good neighbor pharmacy Loperamide hydrochloride,Amerisource Bergen,loperamide HCl,Silverado 3500,Chevrolet
NIGHTTIME,Publix Super Markets Inc,"Dextromethorphan Hydrobromide, Doxylamine Succinate",B-Series,Mazda
Propranolol Hydrochloride,"Dispensing Solutions, Inc.",Propranolol Hydrochloride,Altima,Nissan
Gas Relief,QUALITY CHOICE (Chain Drug Marketing Association),SIMETHICONE,Continental Mark VII,Lincoln
ALMOST POWDER MAKEUP,CLINIQUE LABORATORIES INC,"TITANIUM DIOXIDE, OCTINOXATE",E150,Ford
Antiseptic,Genuine First Aid LLC,BENZALKONIUM CHLORIDE,S6,Audi
Hepar Stannum 17/20,Uriel Pharmacy Inc.,Hepar Stannum 17/20,Safari,GMC
Garlic,"Nelco Laboratories, Inc.",Garlic,ES,Lexus
CARYA ILLINOINENSIS POLLEN,"ALK-Abello, Inc.",Pecan Pollen,XJ,Jaguar
LORATADINE,"Physicians Total Care, Inc.",Loratadine,Continental,Lincoln
Tolnaftate,Perrigo New York Inc,Tolnaftate,MKT,Lincoln
OLUX,"Physicians Total Care, Inc.",clobetasol propionate,Elantra,Hyundai
STUDIO FINISH CONCEALER,MAKEUP ART COSMETICS,"OCTINOXATE, TITANIUM DIOXIDE",W201,Mercedes-Benz
Metoprolol succinate,Aidarex Pharmaceuticals LLC,Metoprolol succinate,Escalade EXT,Cadillac
Ipratropium Bromide,REMEDYREPACK INC.,Ipratropium Bromide,Uplander,Chevrolet
CENTER-AL - SALIX NIGRA POLLEN,"ALK-Abello, Inc.",Allergenic Extracts Alum Precipitated,Galaxie,Ford
HALOPERIDOL,REMEDYREPACK INC.,HALOPERIDOL,Continental,Lincoln
minoxidil,Walgreen Company,Minoxidil,Rockette,Fairthorpe
Torsemide,SUN PHARMACEUTICAL INDUSTRIES LIMITED,Torsemide,Escalade EXT,Cadillac
PURGASOL,"DLC Laboratories, Inc.",Sennosides Docusate Sodium,Yaris,Toyota
MANGO BUTTER LIPSTICK,ART COSMETICS SRL,Avobenzone and Octinoxate,Q5,Audi
Tretin-X,"Triax Pharmaceuticals, LLC",tretinoin,Trans Sport,Pontiac
pain reliever,Hannaford Brothers Company,Acetaminophen,Impreza,Subaru
Hawaiian Tropic Tanning,Formulated Solutions,"AVOBENZONE,OCTOCRYLENE, OXYBENZONE",Commander,Jeep
Metformin Hydrochloride,Teva Pharmaceuticals USA Inc,Metformin Hydrochloride,Camaro,Chevrolet
Ondansetron,"Physicians Total Care, Inc.",Ondansetron,Protege,Mazda
Neutrogena Ultimate Sport Sunblock,Neutrogena Corporation,"Avobenzone, Homosalate, Octisalate, Octocrylene, and Oxybenzone",Loyale,Subaru
Lisinopril,REMEDYREPACK INC.,Lisinopril,C30,Volvo
Meijer Daytime Severe Cold and Cough,Quality Home Products,"Acetaminophen, Dextromethorphan HBr and Phenylephrine HCL",SC,Lexus
Petroleum,Kroger Co,White Petrolatum,XJ Series,Jaguar
Coralite ANTIBACTERIAL BANDAGE WITH NON STICK PAD,UNITED EXCHANGE CORP,BENZALKONIUM CHLORIDE,Concorde,Chrysler
EQUATE,WAL-MART STORES INC.,SELENIUM SULFIDE,Maxima,Nissan
Bupropion Hydrochloride,Mylan Pharmaceuticals Inc.,Bupropion Hydrochloride,Accent,Hyundai
Treatment Set TS351201,"Antigen Laboratories, Inc.",Treatment Set TS351201,Quest,Nissan
Prednisone,REMEDYREPACK INC.,Prednisone,VehiCROSS,Isuzu
Oxy Face Wash,The Mentholatum Company,Benzoyl Peroxide,Civic,Honda
Diltiazem Hydrochloride,Actavis Elizabeth LLC,Diltiazem Hydrochloride,C-Class,Mercedes-Benz
Cefuroxime,West-ward Pharmaceutical Corp,Cefuroxime,Express 3500,Chevrolet
NORTRIPTYLINE HYDROCHLORIDE,Direct Rx,NORTRIPTYLINE HYDROCHLORIDE,Laser,Plymouth
Moisture Melt,Blistex Inc,"Octinoxate, Oxybenzone, and Petrolatum",Escalade,Cadillac
Fluoxetine,Unit Dose Services,fluoxetine,Element,Honda
Fungicure Athletes Foot,"Alva-Amco Pharmacal Companies, Inc",Tolnaftate 1%,Equator,Suzuki
Doribax,Shionogi Inc.,doripenem,Thunderbird,Ford
sunmark aspirin,McKesson,Aspirin,Ranger,Ford
Diphenhydramine Hydrochloride,TYA Pharmaceuticals,Diphenhydramine Hydrochloride,S5,Audi
Asthma Plus,"Deseret Biologicals, Inc.","Ribes Nigrum, Viburnum Opulus, Quebracho, Arsenicum Iodatum, Blatta Orientalis, Naphtalinum, Pothos Foetidus",Challenger,Dodge
Childrens All Day Allergy Relief,Target Corporation,Cetirizine Hydrochloride,Ram 2500 Club,Dodge
MIDODRINE HYDROCHLORIDE,"Global Pharmaceuticals, Division of Impax Laboratories Inc.",MIDODRINE HYDROCHLORIDE,Tempest,Pontiac
Microgestin,"Actavis Pharma, Inc.",Norethindrone Acetate and Ethinyl Estradiol,NSX,Acura
SHISEIDO SUNCARE EXTRA SMOOTH,SHISEIDO AMERICA INC.,Octinoxate and Zinc Oxide,Ranger,Ford
Morphine Sulfate,"Hospira, Inc.",Morphine Sulfate,M5,BMW
No7 Protect and Perfect Intense Day Cream SPF 15,BCM Ltd,"Avobenzone,Octisalate, Octocrylene",Sierra 2500,GMC
NITROGEN,"PURITY CYLINDER GASES, INC.",NITROGEN,Celica,Toyota
Zylast Antiseptic Surgical Scrub,Bocchi Laboratories Inc.,Ethyl Alcohol,Eclipse,Mitsubishi
Benazepril Hydrochloride,Teva Pharmaceuticals USA Inc,Benazepril Hydrochloride,Suburban 2500,Chevrolet
LEADER MAXIMUM STRENGHT URINARY PAIN RELIEF,Cardinal Health,PHENAZOPYRIDINE HYDROCHLORIDE,RVR,Mitsubishi
Cialis,Eli Lilly and Company,Tadalafil,S80,Volvo
Nasal Decongestant,Safeway,oxymetazoline hydrochloride,CLS-Class,Mercedes-Benz
Octreotide Acetate,"Teva Parenteral Medicines, Inc",Octreotide Acetate,Swift,Suzuki
Levothyroxine Sodium,Mylan Pharmaceuticals Inc.,levothyroxine sodium,Continental,Lincoln
LBEL Couleur luxe rouge irresistible maximum hydration SPF 17,Ventura Corporation LTD,Octinoxate and Oxybenzone,Camry,Toyota
Insects (whole body) cockroach mix,Jubilant HollisterStier LLC,Insects (whole body) cockroach mix,3 Series,BMW
Instant Hand Sanitizer,"Safetec of America, Inc.",alcohol,Colt,Dodge
Low Dose Aspirin,"Pharbest Pharmaceuticals, Inc.",Aspirin,Daewoo Magnus,Suzuki
METOPROLOL SUCCINATE,Par Pharmaceutical Inc.,Metoprolol succinate,LeSabre,Buick
Naproxen,"Glenmark Generics Inc., USA",Naproxen,Type 2,Volkswagen
Alcohol Prep Pad,"PSS World Medical, Inc.",Isopropyl Alcohol,S5,Audi
Velvet Grass,"Nelco Laboratories, Inc.",Velvet Grass,Touareg,Volkswagen
Bread Cravings,Dr. Donna Restivo DC,"Acetaldehyde, Coumarinum, Histaminum hydrochloricum, Quercetin, Torula cerevisiae, Candida albicans, Candida parapsilosis, Adrenocorticotrophin,",Aero 8,Morgan
Etodolac,"Preferred Pharmaceuticals, Inc",Etodolac,Probe,Ford
Muro 128,Bausch & Lomb Incorporated,sodium chloride,Sonoma Club Coupe,GMC
LBEL,Ventura International Ltd,ALUMINUM CHLOROHYDRATE,300M,Chrysler
Promethazine Hydrochloride,REMEDYREPACK INC.,Promethazine Hydrochloride,Grand Am,Pontiac
Warfarin Sodium,Unit Dose Services,Warfarin Sodium,Sierra 3500,GMC
NAPRELAN,Bryant Ranch Prepack,naproxen sodium,Pathfinder,Nissan
Meclizine Hydrochloride,"UDL Laboratories, Inc.",meclizine hydrochloride,V8 Vantage,Aston Martin
PediaVent,"CarWin Pharmaceutical Associates, LLC",DEXBROMPHENIRAMINE MALEATE,Focus,Ford
SENEXON-S,McKesson Contract Packaging,DOCUSATE SODIUM -SENNOSIDES,7 Series,BMW
LEADER PAIN RELIEVING RUB ULTRA,CARDINAL HEALTH,"CAMPHOR (SYNTHETIC), MENTHOL, METHYL SALICYLATE",NSX,Acura
Adapalene,"Taro Pharmaceuticals U.S.A., Inc.",Adapalene,Dakota Club,Dodge
Tramadol Hydrochloride and Acetaminophen,Aidarex Pharmaceuticals LLC,Tramadol Hydrochloride and Acetaminophen,Intrepid,Dodge
Lotrimin Ultra Jock Itch,"MSD Consumer Care, Inc.",Butenafine Hydrochloride,Town & Country,Chrysler
Alcohol Hand Sanitizer Problend,Seatex Ltd,ISOPROPYL ALCOHOL,Protege,Mazda
Acyclovir,REMEDYREPACK INC.,Acyclovir,Vandura 1500,GMC
cough and chest congestion,Meijer Distribution Inc,"Dextromethorphan HBr, Guaifenesin",F150,Ford
DYNACIN,"Par Pharmaceutical, Inc.",Minocycline Hydrochloride,Civic,Honda
JAKAFI,Incyte Corporation,ruxolitinib,Grand Prix,Pontiac
DELTUSS DP Nasal Decongestant Antihistamine CHERRY Flavor,Deliz Pharmaceutical Corp,"DEXCHLORPHENIRAMINE MALEATE, PSEUDOEPHEDRINE HYDROCHLORIDE",Corolla,Toyota
Long Lasting Finish with Comfort Serum,Rimmel Inc.,"Titanium Dioxide, Octinoxate",MX-5,Mazda
Trihexyphenidyl Hydrochloride,REMEDYREPACK INC.,trihexyphenidyl hydrochloride,TundraMax,Toyota
Duloxetine,Teva Pharmaceuticals USA Inc,Duloxetine,Genesis,Hyundai
BOBBI BROWN BRIGHTENING PROTECTIVE FACE BASE,Bobbi Brown Professional Cosmetics Inc.,"HOMOSALATE, OCTISALATE, AVOBENZONE, OXYBENZONE",B-Series Plus,Mazda
ASTAGRAF XL,"Astellas Pharma US, Inc.",tacrolimus extended-release capsules,525,BMW
Atomoxetine hydrochloride,Sandoz Inc,Atomoxetine hydrochloride,Firebird,Pontiac
Peptic Relief,Select Brand,BISMUTH SUBSALICYLATE,Fifth Ave,Chrysler
ORTHO GUARD,Massco Dental A Division of Dunagin Pharmaceuticals,SODIUM FLUORIDE,LR3,Land Rover
Chicken Meat,"Nelco Laboratories, Inc.",Chicken Meat,LeBaron,Chrysler
Imipramine Hydrochloride,"Mutual Pharmaceutical Company, Inc.",Imipramine Hydrochloride,Grand Cherokee,Jeep
Wash Towelette,"Jiangsu Province JianErKang Medical Dressing Co. ,Ltd.",Benzalkonium Chloride,RDX,Acura
Dextromethorphan Hydrobromide and Promethazine Hydrochloride,Atlantic Biologicals Corps,Dextromethorphan Hydrobromide and Promethazine Hydrochloride,Mirage,Mitsubishi
Paroxetine Hydrochloride,Mylan Pharmaceuticals Inc.,paroxetine hydrochloride,NSX,Acura
Lovastatin,Aidarex Pharmaceuticals LLC,Lovastatin,MDX,Acura
Ibuprofen,The Kroger Co.,IBUPROFEN,Spectra,Kia
SYZYGIUM JAMBOLANUM,HOMEOLAB USA INC.,SYZYGIUM JAMBOLANUM,Yukon XL 1500,GMC
Aspergillus repens,"Nelco Laboratories, Inc.",Aspergillus repens,Accord,Honda
Nephroplex,Apotheca Company,"Berberis vulgaris, Hydrangea arborescens, Petroselinum sativum, Solidago virgaurea, Uva-ursi, Rubia tinctorum, Glutathiona, Kidney (suis), Bryonia, Eupatorium purpureum, Mercurius corrosivus,",Suburban 2500,Chevrolet
GILTUSS TOTAL RELEASE,Gil Pharmaceutical Corp,"Guaifenesin, Dextromethorphan HBr, and Phenylephrine HCl",207,Peugeot
mitoXANTRONE,"Teva Parenteral Medicines, Inc",mitoXANTRONE,Tiburon,Hyundai
TRAMADOL HYDROCHLORIDE,Par Pharmaceutical Inc.,tramadol hydrochloride,Jetta,Volkswagen
Lancome Paris,L'Oreal USA Products Inc,Avobenzone Octisalate Octocrylene,Storm,Geo
Antimicrobial Hand Sanitizer,Hanover Pen Corp dba HPC Global,Alcohol,Outlander,Mitsubishi
Midazolam,Cardinal Health,Midazolam,Mazdaspeed 3,Mazda
ORBIVAN,"Atley Pharmaceuticals, Inc.","Butalbital, Acetaminophen, and Caffeine",Edge,Ford
Extra Strength Mapap,McKesson Contract Packaging,ACETAMINOPHEN,Alero,Oldsmobile
Chlorpromazine Hydrochloride,American Health Packaging,Chlorpromazine Hydrochloride,GTO,Mitsubishi
Erythromycin,A-S Medication Solutions LLC,Erythromycin,Vantage,Aston Martin
Vitamin A Velvet Mask,"AMI Cosmetic Co.,Ltd.",Glycerin,S6,Audi
benzonatate,Lake Erie Medical DBA Quality Care Products LLC,benzonatate,Mark VIII,Lincoln
BICILLIN CR,Pfizer Laboratories Div Pfizer Inc,penicillin G benzathine and penicillin G procaine,Grand Prix Turbo,Pontiac
"Nicotine Polacrilex, Coated Mint Flavor",Premier Value,Nicotine Polacrilex,S40,Volvo
nifedipine,State of Florida DOH Central Pharmacy,NIFEDIPINE,Grand Voyager,Plymouth
Buspirone Hydrochloride,"Physicians Total Care, Inc.",Buspirone,Windstar,Ford
Hevert Pain Relief,Hevert Pharmaceuticals LLC,ARNICA MONTANA ROOT and TOXICODENDRON PUBESCENS SHOOT,Altima,Nissan
Furosemide,Sandoz Inc,Furosemide,Avalanche 1500,Chevrolet
Temazepam,"Physicians Total Care, Inc.",temazepam,SLX,Acura
Losortan Potassium,Proficient Rx LP,Losartan Potassium,Lancer Evolution,Mitsubishi
Date,"Nelco Laboratories, Inc.",Date,E-Class,Mercedes-Benz
Triple Antibiotic,Unifirst First Aid Corporation,"bacitracin zinc, neomycin sulfate, polymyxin b sulfate",Cabriolet,Volkswagen
MULTI PERFECTION ULTRA,"NATURE REPUBLIC CO., LTD.",DIMETHICONE,Express 1500,Chevrolet
Movate Lemon,International Beauty Exchange Inc,Hydroquinone,1500,GMC
omeprazole/sodium bicarbonate,"Prasco, Laboratories","omeprazole, sodium bicarbonate",Mark VII,Lincoln
flormar Concealer Sunscreen Broad Spectrum SPF 20 LC01 PURE BEIGE,Kosan Kozmetik Sanayi ve Ticaret A.S.,OCTINOXATE,Touareg,Volkswagen
Cold Spot,Fabrication Enterprises,"menthol, methyl salicylate",Santa Fe,Hyundai
CLARINS HydraQuench Normal to Combination Skin Broad Spectrum SPF 15 Sunscreen,Laboratoires Clarins S.A,"AVOBENZONE, HOMOSALATE, OCTOCRYLENE",CR-V,Honda
OXYGEN,"Fielden Gas Products, Inc.",OXYGEN,S-Class,Mercedes-Benz
LBEL,Ventura International Ltd.,"Octinoxate, Octisalate, and Oxybenzone",Bronco,Ford
Carisoprodol,REMEDYREPACK INC.,Carisoprodol,Skyhawk,Buick
Earwax Removal Aid,"Apothecary Products, LLC",Earwax Removal Aid,7 Series,BMW
Hydrocodone Bitartrate and Acetaminophen,STAT Rx USA LLC,Hydrocodone Bitartrate and Acetaminophen,GS,Lexus
Spironolactone,"Amneal Pharmaceuticals, LLC",Spironolactone,Azera,Hyundai
VALTREX,"PD-Rx Pharmaceuticals, Inc.",valacyclovir hydrochloride,Range Rover Sport,Land Rover
TEMODAR,"Physicians Total Care, Inc.",Temozolomide,Scirocco,Volkswagen
Hydroxyzine Hydrochloride,"Physicians Total Care, Inc.",hydroxyzine,VS Commodore,Holden
RESTORIL,"Mallinckrodt, Inc.",temazepam,Tracer,Mercury
Pinceladas Para Hongos Navarro,"Menper Distributors, Inc.",Undecylenic Acid,Protege,Mazda
ReHydration,Energetix Corp,Homeopathic Liquid,Savana 3500,GMC
"Pollens - Weeds and Garden Plants, Short Ragweed, Ambrosia artemisiifolia",Jubilant HollisterStier LLC,"Short Ragweed, Ambrosia artemisiifolia",5 Series,BMW
Ibuprofen,Bryant Ranch Prepack,Ibuprofen,Camry,Toyota
HAND SANITIZING,Sigan Industries,ALCOHOL,Tracer,Mercury
Tramadol Hydrochloride,Bryant Ranch Prepack,Tramadol Hydrochloride,Tribute,Mazda
Terazosin Hydrochloride,State of Florida DOH Central Pharmacy,Terazosin Hydrochloride,599 GTB Fiorano,Ferrari
Cephalexin,"Preferred Pharmaceuticals, Inc.",Cephalexin,Mariner,Mercury
Glycopyrrolate,Cardinal Health,Glycopyrrolate,Journey,Dodge
multi symptom cold,Meijer Distribution Inc,"dextromethorphan hbr, guaifenesin, phenylephrine hcl",Mirage,Mitsubishi
TISSEEL,Baxter Healthcare Corporation,fibrinogen human and thrombin human,xA,Scion
Acyclovir,"APP Pharmaceuticals, LLC",ACYCLOVIR SODIUM,Leganza,Daewoo
Ketorolac Tromethamine,"Hospira, Inc.",KETOROLAC TROMETHAMINE,Lancer Evolution,Mitsubishi
NEURO PAIN HP,"Natural Creations, Inc.","Amanita Muscaria Var. Muscaria, Onion, Arnica Montana Root, Hypericum Perforatum, Lycopodium Clavatum Spore, Mercurius Solubilis, Phosphorus, Lead",Maxima,Nissan
ALTHEUS,Ventura Corporation LTD.,Aluminum Sesquichlorohydrate,Compass,Jeep
Clear Anti Itch,TOPCO ASSOCIATES,"Pramoxine HCl, Zinc acetate",Yukon XL 1500,GMC
White (Mexican) Dock,"Antigen Laboratories, Inc.",White (Mexican) Dock,XJ,Jaguar
Aquapick Whitening Bubblepick,"Aquapick Co., Ltd",SODIUM FLUORIDE,Excursion,Ford
No7 Stay Perfect Foundation Compact Sunscreen SPF 15 Buff,Boots Retail USA Inc,Octinoxate and Titanium Dioxide,Civic,Honda
Nux Vomica Homaccord,Heel Inc,CITRULLUS COLOCYNTHIS FRUIT PULP and LYCOPODIUM CLAVATUM SPORE and BRYONIA ALBA ROOT and STRYCHNOS NUX-VOMICA SEED,IS,Lexus
PLANTAGO LANCEOLATA POLLEN,"ALK-Abello, Inc.",Plantain English,Countach,Lamborghini
Night Time Cherry,H.E.B,"DEXTROMETHORPHAN HYDROBROMIDE, DOXYLAMINE SUCCINATE",Equinox,Chevrolet
Propranolol Hydrochloride,REMEDYREPACK INC.,Propranolol Hydrochloride,F350,Ford
Pindolol,Mylan Pharmaceuticals Inc.,pindolol,Golf,Volkswagen
Naproxen Sodium,"AAA Pharmaceutical, Inc.",NAPROXEN SODIUM,T100,Toyota
Oxycodone and Acetaminophen,Lake Erie Medical DBA Quality Care Products LLC,Oxycodone and Acetaminophen,525,BMW
Cefepime,Apotex Corporation,CEFEPIME,Sierra 1500,GMC
Ceftriaxone,"Samson Medical Technologies, LLC",Ceftriaxone Sodium,Aerio,Suzuki
Clean Choice Antibacterial,"Deb USA, Inc.",Chloroxylenol,LHS,Chrysler
IMITREX,Lake Erie Medical & Surgical Supply DBA Quality Care Products LLC,sumatriptan succinate,Navigator L,Lincoln
ROBITUSSIN TO GO COUGH AND COLD CF,Richmond Division of Wyeth,"dextromethorphan HBr, guaifenesin, phenylephrine HCl",Tacoma,Toyota
Smart Sense Nicotine,Kmart Corporation,Nicotine Polacrilex,Ram,Dodge
Potassium Chloride,"AvKARE, Inc.",Potassium Chloride,Sequoia,Toyota
Bac,"BioActive Nutritional, Inc.","Apis Mellifica, Arsenicum Album, Belladonna, Chamomilla, Lachesis Mutus, Mercurius Solubilis, Pulsatilla",Legacy,Subaru
LYMPHDRAINEX,"Energique, Inc.","Geranium Robertianum, Nasturtium Aquaticum, Aloe Socotrina, Mysotis Arvensis, Scrophularia Nodosa, Teucrium Scorodonia",Panamera,Porsche
LINGERIE DE PEAU INVISIBLE SKIN-FUSION FOUNDATION WITH SUNSCREEN BROAD SPECTRUM SPF 20 04 BEIGE MOYEN,Guerlain S.A,"OCTINOXATE, TITANIUM DIOXIDE",SLK-Class,Mercedes-Benz
Bahia Grass,"Nelco Laboratories, Inc.",Bahia Grass,Astro,Chevrolet
equate nighttime sleep aid,Wal-Mart Stores Inc,Diphenhydramine Hydrochloride,Journey,Dodge
FaLessa,"Avion Pharmaceuticals, LLC",folic acid,Taurus,Ford
Apis Belladonna,Uriel Pharmacy Inc.,Apis Belladonna,Laser,Ford
Levitra,"Physicians Total Care, Inc.",vardenafil hydrochloride,Murano,Nissan
Stavudine,"Camber Pharmaceuticals, Inc.",Stavudine,Intrepid,Dodge
DAILY MOISTURIZING,RITE AID CORPORATION,DIMETHICONE,Express 2500,Chevrolet
Pleo Alkala Antacid,Sanum Kehlbeck GmbH & Co. KG,"sodium bicarbonate, potassium bicarbonate and sodium citrate",Elantra,Hyundai
Synalar,"Medimetriks Pharmaceuticals, Inc.",fluocinolone acetonide,Malibu,Chevrolet
"Neomycin and Polymyxin B Sulfates, and Bacitracin Zinc","Akorn, Inc.","Neomycin Sulfate, Polymyxin B Sulfate and Bacitracin Zinc",Regal,Buick
Extended Phenytoin Sodium,American Health Packaging,Phenytoin Sodium,Sonoma,GMC
Australian Gold,"Prime Packaging, Inc.","Avobenzone, Octisalate, Octocrylene",Vision,Eagle
Capecitabine,KAISER FOUNDATION HOSPITALS,Capecitabine,Charger,Dodge
Oxygen,"CR Pharmacy Services, Inc.",Oxygen,S40,Volvo
meperidine hydrochloride,"Caraco Pharmaceutical Laboratories, Ltd.",meperidine hydrochloride,3500,GMC
Mylanta Gas,McNeil Consumer Pharmaceuticals Co.,Dimethicone,SC,Lexus
Nystatin,Rebel Distributors Corp,Nystatin,Sonata,Hyundai
DIDANOSINE,American Health Packaging,DIDANOSINE,MPV,Mazda
Simvastatin,Dr. Reddy's Laboratories Limited,Simvastatin,Camaro,Chevrolet
Nettle,"Nelco Laboratories, Inc.",Nettle,Gemini,Pontiac
Nitrous Oxide,"Airgas-West, Inc.",Nitrous Oxide,Sierra 2500,GMC
"Standardized Mite, Dermatophagoides pteronyssinus, Bulk, 10000 AU per mL",Jubilant HollisterStier LLC,"Standardized Mite, Dermatophagoides pteronyssinus, Bulk, 10000 AU per mL",CT,Lexus
Senna-Lax,Major Pharmaceuticals,SENNOSIDES A AND B,Jetta,Volkswagen
Diclofenac Sodium and Misoprostol,Wockhardt USA LLC.,Diclofenac Sodium and Misoprostol,G-Class,Mercedes-Benz
CERETEC,Medi-Physics Inc. dba GE Healthcare.,TECHNETIUM TC-99M EXAMETAZIME,A4,Audi
Naphazoline Hydrochloride and Pheniramine Maleate,CVS Pharmacy,Naphazoline hydrochloride and Pheniramine Maleate,Tercel,Toyota
Claritin-D,"MSD Consumer Care, Inc.",Loratadine and pseudoephedrine sulfate,Solara,Toyota
Lemon,"Nelco Laboratories, Inc.",Lemon,Aveo,Chevrolet
Seasonal itchy and Red eye relief,"Kareway Product, Inc.","tetrahydrozoline HCl, Zinc sulfate",Ram,Dodge
Triamcinolone Acetonide,"Taro Pharmaceuticals U.S.A., Inc.",Triamcinolone Acetonide,Compass,Jeep
Clindacin PAC,"Medimetriks Pharmaceuticals, Inc.",clindamycin phosphate,S80,Volvo
Laneige sliding pact EX,AMOREPACIFIC,"OCTINOXATE, TITANIUM DIOXIDE, and ZINC OXIDE",LeMans,Pontiac
DR. RECKEWEG R46 Manurheumin,PHARMAZEUTISCHE FABRIK DR. RECKEWEG & CO,"Ferrum phosphoricum 12X, Lithium carbonicum 12X, Natrum sulphuricum 30X, Nux vomica 30X, Rhododendron chrysanthum 6X, Spiraea ulmaria 12X",Town & Country,Chrysler
Amazonian Clay 12-Hour Full Coverage Foundation Broad Spectrum SPF 15 Sunscreen,"Tarte, Inc",Titanium Dioxide and Zinc Oxide,Silverado 3500,Chevrolet
Pro Advantage Instant Hand Sanitizer,"NDC National Distribution & Contracting, Inc.",ALCOHOL,PT Cruiser,Chrysler
Warm Deep Original,Bare Escentuals Beauty Inc.,Titanium Dioxide and Zinc Oxide,Bronco,Ford
Zicam,"Matrixx Initiatives, Inc.",zinc acetate and zinc gluconate,Yukon XL 1500,GMC
Povidone-Iodine,"Smiths Medical ASD, INC",Povidone-Iodine,A8,Audi
Night Time Cough Cherry,Quality Choice,Vicks NyQuil,RAV4,Toyota
Veregen,PharmaDerm a division of Fougera Pharmaceuticals Inc.,sinecatechins,Cooper Clubman,MINI
Dermablend Professional SkinPerfector Blemish and Oil Clearing Primer,L'Oreal USA Products Inc,Salicylic acid,Sable,Mercury
CELEBREX,Rebel Distributors Corp.,Celecoxib,Ram Van 2500,Dodge
Mattifying Day Moisture Broad Spectrum SPF 15,Jafra Cosmetics International Inc,"Avobenzone, Octisalate, Octocrylene, Oxybenzone",Tempest,Pontiac
Dr. Richs Numbing,GenZ Online LLC,LIDOCAINE,Bravada,Oldsmobile
Carters Little Pills,"Church & Dwight Co., Inc.",Bisacodyl,Impreza,Subaru
Avedana Pain-Relieving,"Unipack, Inc.",Menthol,XL-7,Suzuki
HALOPERIDOL,REMEDYREPACK INC.,HALOPERIDOL,Sidekick,Suzuki
Aspiring,Safeway,Aspirin,Aviator,Lincoln
Phoenix KinetiCream Anti-inflammatory and Pain Relief,"Phoenix Bioperformance Products, LLC",MENTHOL,riolet,Volkswagen
Clearasil Ultra,"Reckitt Benckiser, Inc.",Salicylic Acid,Dakota Club,Dodge
Ketoprofen,"Preferred Pharmaceuticals, Inc",Ketoprofen,164,Alfa Romeo
ELOCTATE,Biogen Idec Inc.,"Antihemophilic Factor (Recombinant), Fc Fusion Protein",98,Oldsmobile
Gentle and Effective Laxative,"Western Family Foods, Inc.",Bisacodyl,Mazda3,Mazda
Natural Tan Oil Controlling Makeup Broad Spectrum SPF 15,Jafra Cosmetics International Inc,"Octinoxate, Octisalate, Oxybenzone",Freestar,Ford
Pure Finish Mineral Tinted Moisturizer SPF 15 Medium,"Elizabeth Arden, Inc",Octinoxate,S-Class,Mercedes-Benz
Shopko Long Lasting Oil Free Moisturizer Broad Spectrum SPF15,"Shopko Stores Operating Co., LLC","Avobenzone, Octisalate, Octocrylene, Oxybenzone",Alcyone SVX,Subaru
Equaline pain relief,Supervalu Inc,Acetaminophen,Classic,Chevrolet
HAVRIX,GlaxoSmithKline Biologicals SA,Hepatitis A Vaccine,Thunderbird,Ford
Ofloxacin,"Preferred Pharmaceuticals, Inc.",Ofloxaxin,Focus,Ford
California Black Walnut,"Nelco Laboratories, Inc.",California Black Walnut,Classic,Chevrolet
Naproxen,Camber Pharmaceuticals,Naproxen,Escort,Ford
Vascuflow,"Deseret Biologicals, Inc.","Cholesterinum, Formalinum, Gelsemium Sempervirens, Melatonin, Arginine, Citrulline, Coumarinum, Coenzyme Q10, Mercurius Corrosivus",Cavalier,Chevrolet
zinc oxide,Sion Biotext Medical Ltd,zinc oxide,CLK-Class,Mercedes-Benz
Metronidazole,Mylan Institutional Inc.,Metronidazole,G-Class,Mercedes-Benz
Stage Fright - Fear,"Newton Laboratories, Inc.","Aconitum nap., Anacardium orientale, Arg. nit., Arsenicum alb., Cypripedium, Gelsemium, Ignatia, Kali carb., Lycopodium, Nat.mur., Phosphorus, Sambucus nig., Sepia, Staphysag., Stramonium, Tarentula hispana, Theridion, Passiflora, Valeriana",Savana 1500,GMC
IT RADIANT CC IN MELTING FOUNDATION,"F&CO Co., Ltd.","TITANIUM DIOXIDE, OCTINOXATE",Tahoe,Chevrolet
Rectiv,"ProStrakan, Inc.",nitroglycerin,GTO,Pontiac
Childrens Allergy Relief,Rite Aid,Diphenhydramine HCl,A6,Audi
Fluconazole,Bryant Ranch Prepack,Fluconazole,Sonata,Hyundai
Sunmark Allergy Relief,McKesson,Diphenhydramine Hydrochloride,Suburban 2500,GMC
Childrens Dimetapp Multi-Symptom Cold and Flu,Richmond Division of Wyeth,"acetaminophen, diphenhydramine hydrochloride, phenylephrine hydrochloride",Liberty,Jeep
FAMILY CARE BACITRACIN,UNITED EXCHANGE CORP.,BACITRACIN,944,Porsche
Levetiracetam,Atlantic Biologicals Corps,Levetiracetam,SL-Class,Mercedes-Benz
Fusarium oxysporum,"Antigen Laboratories, Inc.",Fusarium oxysporum,Tucson,Hyundai
PARURE DE LUMIERE LIGHT-DIFFUSING FOUNDATION WITH SUNSCREEN MOISTURE INFUSION BROAD SPECTRUM SPF 25 31 AMBRE PALE,Guerlain S.A.,"OCTINOXATE, TITANIUM DIOXIDE",Golf,Volkswagen
Eve Lom Radiance Lift Foundation SPF 15,Space Brands Limited,Titanium Dioxide and Octinoxate,Sentra,Nissan
Alka-Seltzer XTRA STRENGTH,"Bayer HealthCare LLC, Consumer Care","Anhydrous Citric Acid, Sodium Bicarbonate, and Aspirin",Astra,Saturn
SCROPHULOUS HP,"Natural Creations, Inc.","Barium Carbonate, Bromine, Oyster Shell Calcium Carbonate, Crude, Conium Maculatum Flowering Top, Ferrous Iodide, Mercurius Solubilis, Phytolacca Americana Root, Toxicodendron Pubescens Leaf, Silicon Dioxide",Continental Mark VII,Lincoln
Gabapentin,"Aphena Pharma Solutions - Tennessee, LLC",Gabapentin,H1,Hummer
Timoptic-XE,"Aton Pharma, Inc.",Timolol Maleate,Bravada,Oldsmobile
Pineal-Pituitary,"True Botanica, LLC",Pineal-Pituitary,Explorer,Ford
Buprenorphine HCl,"Roxane Laboratories, Inc",Buprenorphine HCl,924,Porsche
SKIN PROTECTANT,ORGANIC & SUSTAINABLE BEAUTY,ALLANTOIN,Mustang,Ford
SunscreenSPF 30,"Ningbo Dowland Daily Health Co., Ltd","Octinoxate, Octisalate, Oxybenzone, Titanium Dioxide",Canyon,GMC
Sertraline,"Lupin Pharmaceuticals, Inc.",Sertraline,BRZ,Subaru
Hydrocodone Bitartrate and Acetaminophen,"Preferred Pharmaceuticals, Inc.",Hydrocodone Bitartrate and Acetaminophen,LS,Lexus
Betamethasone Dipropionate,"Preferred Pharmaceuticals, Inc",Betamethasone Dipropionate,Ram Van 2500,Dodge
Phenobarbital,West-Ward Pharmaceutical Corp,Phenobarbital,Grand Voyager,Plymouth
Lamotrigine,Cardinal Health,lamotrigine,LHS,Chrysler
Omeprazole,Clinical Solutions Wholesale,Omeprazole,CC,Volkswagen
bronze-n-brighten,LAURA GELLER MAKE UP INC.,TITANIUM DIOXIDE,SC,Lexus
Diastat,Valeant Pharmaceuticals North America LLC,diazepam,928,Porsche
LEVAQUIN,Lake Erie Medical DBA Quality Care Products LLC,levofloxacin,Justy,Subaru
Mucus Relief DM,Family Dollar,Dextromethorphan HBr and Guiafenesin,CX-7,Mazda
MUS MUSCULUS SKIN,"ALK-Abello, Inc.",Mouse Epithelium,F150,Ford
pain relief,CVS Pharmacy,Acetaminophen,G8,Pontiac
Health Mart Sinus and Cold D,McKesson,"Naproxen sodium, Pseudoephedrine HCl",Elan,Lotus
Bicalutamide,"Physicians Total Care, Inc.",Bicalutamide,Cooper,MINI
Breech Baby,Home Sweet Homeopathics,"Ignatia 30c, Nat Mur 30c, Pulsatilla 30c",Passport,Honda
Letrozole,Mylan Pharmaceuticals Inc.,Letrozole,Tracker,Chevrolet
NARS Pure Radiant Tinted Moisturizer,NARS COSMETICS,Octinoxate and Titanium Dioxide,Grand Cherokee,Jeep
UltraMax Invisible Solid,"Church & Dwight Co., Inc.",Aluminum Zirconium Tetrachlorohydrex Gly,Suburban 1500,GMC
Energize RxS,"Deseret Biologicals, Inc.","Sarcolacticum acidum, Viscum album, Iodium, Colchicum autumnale, Conium maculatum, Fucus vesiculosus, Galium aparine, Natrum oxalaceticum, Thyroidinum (suis),",Silverado 3500,Chevrolet
Propranolol Hydrochloride,"Preferred Pharmaceuticals, Inc.",Propranolol Hydrochloride,RSX,Acura
Tekturna HCT,Novartis Pharmaceuticals Corporation,aliskiren hemifumarate and hydrochlorothiazide,S80,Volvo
Metronidazole,"UDL Laboratories, Inc.",Metronidazole,F-Series,Ford
equate childrens cold and cough,Wal-Mart Stores Inc,"Brompheniramine maleate, Dextromethorphan HBr, Phenylephrine HCl",Acclaim,Plymouth
Megestrol Acetate,Precision Dose Inc.,Megestrol Acetate,Corolla,Toyota
Namenda,Rebel Distributors Corp,memantine hydrochloride,Probe,Ford
Hay Fever,Home Sweet Homeopathics,"Allium Cepa 30c, Arsenicum Iod. 30c, Euphrasia 30c, Gelsemium 30c, Dulcamara 30c, Kali Bich 30c, Sticta 30c, Sabadilla 30c, Wyethia 30c",E-Series,Ford
Risperidone,Rebel Distributors Corp,Risperidone,Regal,Buick
Oral-B Minute-Foam Bubble Gum,Oral-B Laboratories,Acidulated Phosphate Fluoride,57,Maybach
Antiseptic,Wakefern Food Corp,cetylpyridinium chloride,Caravan,Dodge
Flu Headache,Natural Health Supply,GELSEMIUM SEMPERVIRENS ROOT,Caliber,Dodge
JIANZE POVIDONE IODINE SCRUB,"Changzhou Jianze Sanitary Material Co., Ltd.",POVIDONE-IODINE,I,Infiniti
Dermamine,Natureplex LLC,DIPHENHYDRAMINE and ZINC ACETATE,Savana 1500,GMC
Ropinirole,Apotex Corp.,Ropinirole,Sentra,Nissan
Glipizide,Greenstone LLC,glipizide,Sportage,Kia
Lofibra,Teva Select Brands,Fenofibrate,M3,BMW
verapamil hydrochloride,"Glenmark Generics Inc.,USA",verapamil hydrochloride,Legacy,Subaru
Attends Daily Barrier,Purna Pharmaceuticals NV,"Dimethicone, Zinc Oxide",Tribeca,Subaru
"3-RAGWEED MIX, GIANT/SHORT/WESTERN POLLEN","Allergy Laboratories, Inc.",ambrosia psilostachya pollen and ambrosia trifida pollen and ambrosia artemisiifolia pollen,S60,Volvo
Glyburide-Metformin Hydrochloride,Heritage Pharmaceuticals Inc.,Glyburide-Metformin Hydrochloride,Golf,Volkswagen
Pampers Kandoo,Nehemiah Manufacturing,Benzalkonium Chloride,GTO,Pontiac
Sabadilla Eucalyptus Cold and Flu Relief,Uriel Pharmacy Inc.,Sabadilla Eucalyptus Cold and Flu Relief,Parisienne,Pontiac
Red Mulberry,"Nelco Laboratories, Inc.",Red Mulberry,Town & Country,Chrysler
Cimetidine,Carilion Materials Management,Cimetidine,Prelude,Honda
Dexamethasone,"PD-Rx Pharmaceuticals, Inc.",Dexamethasone,5 Series,BMW
Levofloxacin,Wockhardt USA LLC.,Levofloxacin,LS,Lexus
DR. IASO UV TOTAL BASE SPF 46 PA,IASO Inc,GLYCERIN,Camaro,Chevrolet
TARINA Fe 1/20,Afaxys Inc.,norethindrone acetate and ethinyl estradiol,Maxima,Nissan
Sambucus Larix,Uriel Pharmacy Inc.,Sambucus Larix,S-Series,Saturn
Sunkiss,Omorovicza Kozmetikai Kft,titanium dioxide and zinc oxide,W201,Mercedes-Benz
Peppermint Hand Sanitizer,Unique Holding Group Inc,Peppermint Hand Sanitizer,IS-F,Lexus
XIFAXAN,"Salix Pharmaceuticals, Inc.",RIFAXIMIN,Cube,Nissan
Ocean Potion Water Sport SPF50 Sunscreen,"Sun & Skin Care Research, Inc","avobenzone, homosalate, octisalate, octocrylene",C-Class,Mercedes-Benz
Natural Progesterone,Apotheca Company,Natural Progesterone,Sequoia,Toyota
Carvedilol,"H.J. Harkins Company, Inc.",Carvedilol,Suburban 1500,GMC
Bethanechol Chloride,Wockhardt USA LLC.,Bethanechol Chloride 10 mg,Ram 3500,Dodge
Hydrogen Peroxide,"Jiangsu Province JianErKang Medical Dressing Co. ,Ltd.",Hydrogen Peroxide,Sable,Mercury
Promethazine Hydrochloride,Bryant Ranch Prepack,Promethazine Hydrochloride,Supra,Toyota
Tizanidine,Dr.Reddy's Laboratories Limited,Tizanidine,NSX,Acura
Divalproex Sodium,Contract Pharmacy Services-PA,divalproex sodium,D250 Club,Dodge
Gerbil Epithelium,"Nelco Laboratories, Inc.",Gerbil Epithelium,Hombre Space,Isuzu
Ceftriaxone Sodium,Sandoz Inc,Ceftriaxone Sodium,Loyale,Subaru
TOPCARE,TOPCO ASSOCIATES LLC,SELENIUM SULFIDE,QX,Infiniti
Thyrogen,Genzyme Corporation,THYROTROPIN ALFA,Escape,Ford
Hydralazine Hydrochloride,Bryant Ranch Prepack,Hydralazine Hydrochloride,Justy,Subaru
Povidone-Iodine Scrub Swabsticks,"H and P Industries, Inc. dba Triad Group",povidone-iodine,SLK-Class,Mercedes-Benz
OBAGI-C RX SYSTEM C-THERAPY,"OMP, INC.",HYDROQUINONE,Pathfinder,Nissan
Adacel,Sanofi Pasteur Inc.,"CLOSTRIDIUM TETANI TOXOID ANTIGEN (FORMALDEHYDE INACTIVATED), CORYNEBACTERIUM DIPHTHERIAE TOXOID ANTIGEN (FORMALDEHYDE INACTIVATED), BORDETELLA PERTUSSIS TOXOID ANTIGEN (GLUTARALDEHYDE INACTIVATED), BORDETELLA PERTUSSIS FILAMENTOUS HEMAGGLUTININ ANTIGEN (FORMALDEHYDE INACTIVATED), BORDETELLA PERTUSSIS PERTACTIN ANTIGEN, and BORDETELLA PERTUSSIS FIMBRIAE 2/3 ANTIGEN",Regal,Buick
Sweet Pea,Shanghai Weierya Daily Chemicals Factory,ethyl alcohol,Corvette,Chevrolet
HYDROCODONE BITARTRATE AND ACETAMINOPHEN,Lake Erie Medical DBA Quality Care Products LLC,HYDROCODONE BITARTRATE AND ACETAMINOPHEN,MKS,Lincoln
ARNICA MONTANA,HOMEOLAB USA INC,ARNICA MONTANA,Classic,Rambler
Povidone Iodine Scrub,"Jiangsu Province JianErKang Medical Dressing Co. ,Ltd.",Povidone-Iodine,Quattro,Audi
Solodyn,Medicis Pharmaceutical Corp.,minocycline hydrochloride,LaCrosse,Buick
Extra Strength Pain Reliever,"FRED'S, INC.",Acetaminophen,911,Porsche
Isopropyl Rubbing Alcohol With Wintergreen,Home Smart Products,Isopropyl Alcohol,4000s Quattro,Audi
Dandruff,CVS,Selenium sulfide,LS,Lexus
Actonel,"Warner Chilcott (US), LLC",RISEDRONATE SODIUM,Vandura G3500,GMC
TOPIRAMATE,"PD-Rx Pharmaceuticals, Inc.",topiramate,Q5,Audi
Motion Sickness,TOP CARE (Topco Associates LLC),Dimenhydrinate,G-Series 1500,Chevrolet
Zantac 75,Carilion Materials Management,ranitidine,Yukon XL 1500,GMC
Acetaminophen Extended Release,"NCS HealthCare of KY, Inc dba Vangard Labs",Acetaminophen,Tiburon,Hyundai
Penicillin V Potassium,"DAVA Pharmaceuticals, Inc.",Penicillin V Potassium,Escalade EXT,Cadillac
E.O.L.,"InLight Creation, LLC.","Stillingia Sylvatica, Zincum Gluconicum, Thiaminum Hydrochloricum, Fragaria Vescus, Niacin, Serotonin (Hydrochloride), 5-Hydroxytryptophan, Betainum Muriaticum",Lancer,Mitsubishi
Sensipar,Carilion Materials Management,cinacalcet hydrochloride,Fortwo,Smart
BPO Creamy Wash Complete Pack,"Acella Pharmaceuticals, LLC",BENZOYL PEROXIDE,Continental Flying Spur,Bentley
Aminosyn Sulfite Free,"Hospira, Inc.","ISOLEUCINE, LEUCINE, LYSINE ACETATE, METHIONINE, PHENYLALANINE, THREONINE, TRYPTOPHAN, VALINE, ALANINE, ARGININE, HISTIDINE, PROLINE, SERINE, TYROSINE, and GLYCINE",Escort,Ford
Promethazine Hydrochloride,Aidarex Pharmaceuticals LLC,Promethazine Hydrochloride,Grand Caravan,Dodge
Vivacaine,"Septodont, Inc.",bupivacaine hydrochloride and epinephrine bitartrate,Corvette,Chevrolet
Itch Relief,Safeway,"Diphenhydramine Hydrochloride, Zinc Acetate",Rio,Kia
Bisacodyl,"H and P Industries, Inc. dba Triad Group",bisacodyl,900,Saab
Members Mark Loratadine,Sam's West Inc,Loratadine,2500,GMC
Ultravate X,Ranbaxy Laboratories Inc.,Halobetasol Propionate,F150,Ford
Aspirin,"Winder Laboratories, LLC",Aspirin,Prizm,Chevrolet
SHISEIDO EXTRA SMOOTH SUN PROTECTION N,SHISEIDO AMERICA INC.,"OCTINOXATE, OCTOCRYLENE, and ZINC OXIDE",300SD,Mercedes-Benz
Bicalutamide,Bryant Ranch Prepack,Bicalutamide,924,Porsche
Aspirin,TOP CARE (Topco Associates LLC),Aspirin,Skylark,Buick
CEFTRIAXONE AND DEXTROSE,B. Braun Medical Inc.,CEFTRIAXONE,Savana 1500,GMC
Indomethacin,Clinical Solutions Wholesale,Indomethacin,GTI,Volkswagen
Acyclovir,Ranbaxy Laboratories Ltd.,acyclovir,Ram 50,Dodge
Shopko Athletes Foot,"Shopko Stores Operating Co., LLC",Clotrimazole,New Beetle,Volkswagen
Olive Oil and Lemon Antibacterial Foaming Hand Wash,"SJ Creations, Inc.",Triclosan,Yukon XL 2500,GMC
Anti-bacterial Fresh Aloe Hand,"BB17, LLC",Triclosan,RAV4,Toyota
Headache,Natural Health Supply,CLAVICEPS PURPUREA SCLEROTIUM,Tribeca,Subaru
Chlorothiazide,"Golden State Medical Supply, Inc.",Chlorothiazide,GTO,Pontiac
Opana ER,St Marys Medical Park Pharmacy,OXYMORPHONE HYDROCHLORIDE,1500,GMC
Amlodipine Besylate and Benazepril Hydrochloride,"Physicians Total Care, Inc.",Amlodipine Besylate and Benazepril Hydrochloride,Silverado 1500,Chevrolet
ck one all day perfection face makeup,Coty US LLC,Titanium Dioxide and Octinoxate,XC90,Volvo
epinastine hydrochloride,Perrigo Company,epinastine hydrochloride,MKZ,Lincoln
NatuRx,DrsOnlyLab LLC,"Symphytum Officinale, Capsicum Annuum, Ledum Palustre, Colchicum Autumnale, Rhododendron Chrysanthum",Land Cruiser,Toyota
stool softener,McKesson (Sunmark),DOCUSATE CALCIUM,Ram Wagon B150,Dodge
ZINACEF,Covis Pharmaceuticals Inc,cefuroxime,Tacoma,Toyota
Insects (whole body) cockroach mix,Jubilant HollisterStier LLC,Insects (whole body) cockroach mix,Golf,Volkswagen
Sulfamylon,Mylan Institutional Inc.,mafenide acetate,Murci√©lago LP640,Lamborghini
Ho Liang Kee,"Changshu Starsea Pharmaceutical Co., Ltd.","Camphor, Menthol",Supra,Toyota
sunmark acid reducer,Mckesson,Famotidine,X-Type,Jaguar
Fresh Hand Sanitizer with vitamin E and aloe,MGS Group Limited,ALCOHOL,Wrangler,Jeep
LIPITOR,"PHARMAKON, LLC",atorvastatin calcium,SLK-Class,Mercedes-Benz
Sucralfate,Mylan Institutional Inc.,Sucralfate,Suburban 1500,Chevrolet
Cough Flu,Natural Health Supply,SOLANUM DULCAMARA TOP,323,Mazda
Bisacodyl,Major Pharmaceuticals,Bisacodyl,TL,Acura
Levetiracetam,"Lotus Pharmaceutical Co., Ltd.",Levetiracetam,Esteem,Suzuki
IOPE AIR CUSHION XP,AMOREPACIFIC,"OCTINOXATE, TITANIUM DIOXIDE, and ZINC OXIDE",Fleetwood,Cadillac
childrens cold and allergy relief,"Safeway, Inc.","Brompheniramine maleate, Phenylephrine HCl",Tracer,Mercury
Ranitidine,Carilion Materials Management,Ranitidine,E150,Ford
Phentermine Hydrochloride,Unit Dose Services,Phentermine Hydrochloride,1500 Club Coupe,GMC
Cialis,Bryant Ranch Prepack,Tadalafil,Frontier,Nissan
Azuro,Noveko Inc,ALCOHOL,7 Series,BMW
SheerFluorX,"CAO Group, Inc.",sodium fluoride,W201,Mercedes-Benz
Zidovudine,American Health Packaging,Zidovudine,Echo,Toyota
Glimepiride,"UDL Laboratories, Inc.",glimepiride,Reatta,Buick
SOUTHERN CHEAT CHESS POLLEN,"Allergy Laboratories, Inc.",bromus secalinus pollen,X6,BMW
Lyrica,Rebel Distributors Corp,PREGABALIN,F450,Ford
Ferrum sidereum Sulfur,Uriel Pharmacy Inc.,Ferrum sidereum Sulfur,Touareg,Volkswagen
EAU THERMALE Avene Hydrance Optimale Hydrating BROAD SPECTRUM SPF 25,Pierre Fabre Dermo Cosmetique,TITANIUM DIOXIDE,Coachbuilder,Buick
Loperamide Hydrochloride,Mylan Pharmaceuticals Inc.,loperamide hydrochloride,CTS,Cadillac
Vichy Normaderm,L'Oreal USA Products Inc,Salicylic Acid,Skylark,Buick
Topical Anesthetic,Safco Dental Supply Co.,Benzocaine,Escalade EXT,Cadillac
REFRESH LACRI-LUBE,"Allergan, Inc.","mineral oil, petrolatum",Highlander,Toyota
hydrochlorothiazide,Clinical Solutions Wholesale,hydrochlorothiazide,Escalade EXT,Cadillac
CAMRESE,TEVA Pharmaceuticals USA Inc,levonorgestrel / ethinyl estradiol and ethinyl estradiol,Riviera,Buick
Acetaminophen,Rebel Distributors Corp,Acetaminophen,Swift,Suzuki
Childrens Ibuprofen,Kinray Inc.,Ibuprofen,E350,Ford
Oxygen,Western Reserve Home Medical Eq.,Oxygen,XJ,Jaguar
Carvedilol,Major Pharmaceuticals,Carvedilol,M-Class,Mercedes-Benz
Zafirlukast,American Health Packaging,Zafirlukast,Echo,Toyota
ONDANSETRON HYDROCHLORIDE,Sun Pharmaceutical Industries Limited,ONDANSETRON HYDROCHLORIDE,Sequoia,Toyota
Black Oak,"Nelco Laboratories, Inc.",Black Oak,Mariner,Mercury
No7 Lifting and Firming Foundation Sunscreen SPF 15 Nude,Boots Retail USA Inc,Octinoxate and Titanium Dioxide,Mirage,Mitsubishi
Ibuprofen,Kroger Company,Ibuprofen,Mystique,Mercury
Mini Pain Relief,"Shanghai Aquagel Bio-Plymer Co., Ltd",DL-Camphor L-Menthol Methyl Salicylate,Summit,Eagle
Ssssting Stop,Natures Way Holding Co.,"Echinacea Angustifolia, Ledum Palustre Twig, Urtica Dioica,",Jetta,Volkswagen
Dantrolene Sodium,American Health Packaging,Dantrolene Sodium,Spectra,Kia
Losartan Potassium and Hydrochlorothiazide,"Watson Laboratories, Inc.",Losartan Potassium and Hydrochlorothiazide,Optima,Kia
Flucelvax,"Novartis Vaccines and Diagnostics, Inc.","INFLUENZA A VIRUS A/BRISBANE/10/2010 (H1N1) ANTIGEN (MDCK CELL DERIVED, PROPIOLACTONE INACTIVATED), INFLUENZA A VIRUS A/TEXAS/50/2012 X-223A (H3N2) ANTIGEN (MDCK CELL DERIVED, PROPIOLACTONE INACTIVATED), and INFLUENZA B VIRUS B/MASSACHUSETTS/2/2012 ANTIGEN (MDCK CELL DERIVED, PROPIOLACTONE INACTIVATED)",Legend,Acura
Purse Essentials hand sanitizer Anti-Bacterial Hand,"Kingsbridge International, Inc.",ALCOHOL,Explorer,Ford
smart sense 12 hour decongestant,Kmart Corporation,Pseudoephedrine Hydrochloride,E-Series,Ford
Nitrolingual,Rebel Distributors Corp,nitroglycerin,New Beetle,Volkswagen
Signature Body,"Bath & Body Works, Inc.","Avobenzone, Homosalate, Octisalate, Octocrylene, Oxybenzone",LS,Lexus
Lidocaine Hydrochloride,Cardinal Health,LIDOCAINE HYDROCHLORIDE ANHYDROUS,S40,Volvo
Southern Home Supreme Clean Ultra Concentrated Orange Scent,Sun Products Corporation,Triclosan,Sunfire,Pontiac
Cimetidine,"Physicians Total Care, Inc.",Cimetidine,Range Rover Sport,Land Rover
Roccos Old School Tattoo Balm,Rocco's Old School,Triclosan,Exige,Lotus
Aplicare Povidone-Iodine,"Aplicare, Inc.",Povidone-Iodine,DB9,Aston Martin
pain relief,Safeway,Acetaminophen,Sierra 1500,GMC
KIDS CHOICE,Massco Dental A Division of Dunagin Pharmaceuticals,STANNOUS FLUORIDE,Metro,Geo
FLUCONAZOLE,STAT RX USA LLC,FLUCONAZOLE,Firebird,Pontiac
ELF Lip Balm SPF 15,"Hangzhou Facecare Cosmetics Co., Ltd.",OXYBENZONE,Wrangler,Jeep
Extra Strength Pain Reliever,CARDINAL HEALTH,Acetaminophen,Yukon,GMC
risperidone,American Health Packaging,risperidone,350Z,Nissan
acid reducer,Western Family Foods Inc,Ranitidine,FJ Cruiser,Toyota
CALCAREA SULPHURICA,HOMEOLAB USA INC.,CALCAREA SULPHURICA,Tredia,Mitsubishi
Chlorzoxazone,Lake Erie Medical DBA Quality Care Products LLC,Chlorzoxazone,Eldorado,Cadillac
Hops,"Nelco Laboratories, Inc.",Hops,Frontier,Nissan
Sofskin Baby,Nova Petroleum & Chemicals Corporation,Mineral Oil,Sunfire,Pontiac
Pasta de Lassar Andromaco,MarcasUSA LLC,Zinc Oxide,Intrigue,Oldsmobile
Tamsulosin hydrochloride,REMEDYREPACK INC.,Tamsulosin hydrochloride,X-Type,Jaguar
Nicotine Transdermal System,Chain Drug Marketing Association Inc.,Nicotine,5 Series,BMW
PVP Scrub,Dukal Corporation,Povidone-Iodine,Continental,Lincoln
Equate Tussin CF,Wal-Mart Stores Inc,"Dextromethorphan Hydrobromide, Guaifenesin, Phenylephrine Hydrochloride",HHR,Chevrolet
Nifedipine,TEVA PHARMACEUTICALS USA,Nifedipine,Probe,Ford
SYNTHROID,Cardinal Health,levothyroxine sodium tablets,Viper,Dodge
C Mold Mixture,"Antigen Laboratories, Inc.",C Mold Mixture,A4,Audi
Simethicone,"Physicians Total Care, Inc.",Simethicone,57,Maybach
Medroxyprogesterone Acetate,"Dispensing Solutions, Inc.",Medroxyprogesterone Acetate,LeSabre,Buick
EQUATE,WAL-MART STORES INC,BENZALKONIUM CHLORIDE,Cayenne,Porsche
CLE DE PEAU BEAUTE REFINING FLUID FOUNDATION,"SHISEIDO CO., LTD.",Octinoxate,Ram 1500,Dodge
Irritated Eye Relief,Similasan Corporation,"Atropa belladonna, Euphrasia stricta and Calcium sulfide",944,Porsche
Ondansetron Hydrochloride,"MedVantx, Inc.",Ondansetron Hydrochloride,Evora,Lotus
Nu Skin Nu Colour,"NSE Products, Inc.","Octinoxate, Octisalate, Oxybenzone, and Titanium Dioxide",Tiburon,Hyundai
Enoxaparin Sodium,Sandoz Inc,Enoxaparin Sodium,H2,Hummer
SHISEIDO FUTURE SOLUTION LX TOTAL RADIANCE FOUNDATION,SHISEIDO AMERICAS CORPORATION,OCTINOXATE and TITANIUM DIOXIDE,Savana 1500,GMC
Arnica Montana,Nature's Way Holding Co,Arnica Montana,LaCrosse,Buick
NICOTINE,Walgreen Company,nicotine,Sonoma Club Coupe,GMC
GAS RELIEF,Advance Pharmaceutical Inc.,Simethicone,SLX,Acura
Cephalexin,"Lupin Pharmaceuticals, Inc.",Cephalexin,Grand Marquis,Mercury
Gabapentin,Gen-Source Rx,Gabapentin,Bronco,Ford
Triple Antibiotic,Cardinal Health,"Neomycin, Polymyxin B Sulfates, Bacitracin",L-Series,Saturn
Freshscent Anti-Perspirant Deodorant,"New World Imports, Inc.",ALUMINUM CHLOROHYDRATE,Corvette,Chevrolet
Metolazone,"Eon Labs, Inc.",Metolazone,Integra,Acura
Amoxicillin and Clavulanate Potassium,NorthStar Rx LLC,Amoxicillin and Clavulanate Potassium,Mazda6 Sport,Mazda
Ultra-TechneKow,Mallinckrodt Inc.,Technetium Tc-99m Generator,Savana,GMC
cephalexin,"PD-Rx Pharmaceuticals, Inc.",cephalexin,CLS-Class,Mercedes-Benz
Publix,Publix Super Markets Inc,Bacitracin Zinc,Sable,Mercury
Lovastatin,Lake Erie Medical DBA Quality Care Products LLC,Lovastatin,Crown Victoria,Ford
Tag Alder,"Nelco Laboratories, Inc.",Tag Alder,Silhouette,Oldsmobile
Fair and Square Antibacterial with Moisturizer,"Davion, Inc",TRICLOSAN,Ram Van 2500,Dodge
Zap APF,Crosstex International Inc.,Sodium Fluoride,F350,Ford
BRIMONIDINE TARTRATE,STAT RX USA LLC,BRIMONIDINE TARTRATE,960,Volvo
Pseudoephedrine Hydrochloride,"Shopko Stores Operating Co., LLC",Pseudoephedrine Hydrochloride,Odyssey,Honda
Multi-Symptom Cold Relief,ARMY AND AIR FORCE EXCHANGE SERVICE,"Acetaminophen, Chlorpehniramine HCl, Dextromethorphan HBr, Phenylephrine HCl",Fleetwood,Cadillac
Secret Scent Expressions,Procter & Gamble Manufacturing Company,Aluminum Zirconium Tetrachlorohydrex Gly,9-5,Saab
Tafinlar,GlaxoSmithKline LLC,dabrafenib,300ZX,Nissan
POTASSIUM CHLORIDE IN SODIUM CHLORIDE,B. Braun Medical Inc.,SODIUM CHLORIDE and POTASSIUM CHLORIDE,Town & Country,Chrysler
flormar REBORN FOUNDATION SUNSCREEN BROAD SPECTRUM SPF 20 SF24 Medium,Kosan Kozmetik Sanayi ve Ticaret A.S.,OCTINOXATE,Ram Van B350,Dodge
Hydrogen Peroxide,Henry Schein Inc.,Hydrogen Peroxide,Exige,Lotus
Zidovudine,American Health Packaging,zidovudine,SLK-Class,Mercedes-Benz
Mesmerize for Men,"Avon Products, Inc.",ALUMINUM CHLOROHYDRATE,2500,Chevrolet
Gonal-f RFF Pen,"EMD Serono, Inc.",folltropin alfa,Golf,Volkswagen
GAP Favorite Lip Balm,"Autumn Harp, Inc",Octinoxate and Oxybenzone,Fury,Plymouth
STAHIST AD,"Magna Pharmaceuticals, Inc.",CHLORCYCLIZINE HYDROCHLORIDE and PSEUDOEPHEDRINE HYDROCHLORIDE,Fit,Honda
Phentermine Hydrochloride,Aidarex Pharmaceuticals LLC,Phentermine Hydrochloride,62,Maybach
MOISTURIZING HAND,CVS PHARMACY,BENZALKONIUM CHLORIDE,Accent,Hyundai
Bacitracin Zinc,Actavis Mid Atlantic LLC,bacitracin zinc,911,Porsche
risperidone,American Health Packaging,risperidone,SLK-Class,Mercedes-Benz
Olay Professional ProX Tone Correcting Protocol,Procter & Gamble Manufacturing Company,"Avobenzone, Homosalate, Octisalate, Octocrylene, and Oxybenzone",Civic,Honda
Sani Professional Brand Sani-Hands,"Profesional Disposables International, Inc.",Alcohol,Spyder,Maserati
Lisinopril,St Marys Medical Park Pharmacy,Lisinopril,Grand Caravan,Dodge
SUKANG BZK Antiseptic Towelette,Taizhou Kanglin Health Protection Products Co Ltd,BENZALKONIUM CHLORIDE,Quattroporte,Maserati
Sertraline Hydrochloride,"Med-Health Pharma, LLC",sertraline hydrochloride,Taurus,Ford
Mango Blossom,"Nelco Laboratories, Inc.",Mango Blossom,Ascender,Isuzu
Freshmint,"New World Imports, Inc",Sodium Fluoride,Outback Sport,Subaru
Mexican Tea Pollen,"Nelco Laboratories, Inc.",Mexican Tea Pollen,Dakota Club,Dodge
Naproxen,REMEDYREPACK INC.,Naproxen,Miata MX-5,Mazda
Isosorbide Dinitrate,Cardinal Health,Isosorbide Dinitrate,Hemisfear,Foose
Venlafaxine,KAISER FOUNDATION HOSPITALS,Venlafaxine,Sierra 2500,GMC
FlexGen,"Lifetech Resources, LLC",Menthol,RL,Acura
Alprazolam,Mylan Pharmaceuticals Inc.,alprazolam,Venture,Chevrolet
Losartan Potassium,State of Florida DOH Central Pharmacy,Losartan Potassium,Express 1500,Chevrolet
antacid,Western Family Foods Inc,Calcium carbonate,Montego,Mercury
Alprazolam,"Golden State Medical Supply, Inc.",alprazolam,FJ Cruiser,Toyota
H-Hemorrhoids Formula,Healing Natural Oils,"Aesculus hippocastanum, Collinsonia canadensis",MX-5,Mazda
Day Time,Best Choice,"Acetaminophen, Dextromethorphan Hydrobromide, Phenylephrine Hydrochloride",B2600,Mazda
BIOSOLIS Sun Milk UVA Sunscreen Face and Body Broad Spectrum SPF50 KIDS,Pro Vera SA,"TITANIUM DIOXIDE, ZINC OXIDE",Accord,Honda
Stay Awake,SUPERVALU INC.,Caffeine,Navajo,Mazda
Kapok,"Nelco Laboratories, Inc.",Kapok,TL,Acura
CLARINS Broad Spectrum SPF 20 Super Restorative Tinted Tint 02,Laboratoires Clarins S.A.,TITANIUM DIOXIDE,Skylark,Buick
Metoprolol Succinate,Mylan Pharmaceuticals Inc.,metoprolol succinate,L-Series,Saturn
UNITHROID,"Lannett Company, Inc.",levothyroxine sodium,Accord,Honda
smart sense nasal,Kmart Corporation,oxymetazoline hydrochloride,Sentra,Nissan
Poplar,"Nelco Laboratories, Inc.",Poplar,X5,BMW
ibuprofen,REMEDYREPACK INC.,ibuprofen,3 Series,BMW
Head and Shoulders,Procter & Gamble Manufacturing Co.,Selenium Sulfide,Shadow,Dodge
TopCare,Topco Associates LLC,Clotrimazole,Thunderbird,Ford
Dove Men plus Care,Conopco Inc. d/b/a Unilever,Aluminum Zirconium Tetrachlorohydrex GLY,Insight,Honda
Triamterene and Hydrochlorothiazide,"NCS HealthCare of KY, Inc dba Vangard Labs",triamterene and hydrochlorothiazide,Cayenne,Porsche
OXYGEN,I.D.M. Medical Supply Company Inc.,OXYGEN,6000,Pontiac
Lidocaine Hydrochloride and Epinephrine,"Hospira, Inc.",LIDOCAINE HYDROCHLORIDE and EPINEPHRINE,Firefly,Pontiac
Clearasil Daily Clear,Reckitt Benckiser LLC,Salicylic Acid,Dakota Club,Dodge
Lorazepam,"Physicians Total Care, Inc.",Lorazepam,300,Chrysler
Long Acting Tussin Cough Gels,"WOONSOCKET PRESCRIPTION CENTER,INCORPORATED",Dextromethorphan HBr,G-Series 2500,Chevrolet
Clarithromycin,REMEDYREPACK INC.,Clarithromycin,Supra,Toyota
Childrens Mucinex Multi-Symptom Cold,Reckitt Benckiser LLC,"Dextromethorphan Hydrobromide, Guaifenesin, and Phenylephrine Hydrochloride",Mazda2,Mazda
Oxcarbazepine,"Roxane Laboratories, Inc",Oxcarbazepine,S4,Audi
Liquid Makeup SPF 16,Merle Norman,"OCTINOXATE, OXYBENZONE",1500,GMC
Members Mark Nicotine,Sam's West Inc,Nicotine Polacrilex,Malibu,Chevrolet
napoleon PERDIS SHEER GENIUS LIQUID FOUNDATION BROAD SPECTRUM SPF 20 Look 1,"Napoleon Perdis Cosmetics, Inc","OCTINOXATE, TITANIUM DIOXIDE",FJ Cruiser,Toyota
ONDANSETRON HYDROCHLORIDE,REMEDYREPACK INC.,ONDANSETRON HYDROCHLORIDE,Avalanche 1500,Chevrolet
Clonidine,Lake Erie Medical DBA Quality Care Products LLC,Clonidine,Windstar,Ford
Castor Oil,TOPCO Associates LLC,Castor Oil,Galant,Mitsubishi
NITROGEN,Air Liquide Healthcare America Corporation,NITROGEN,Spirit,Dodge
Clonidine Hydrochloride,"PD-Rx Pharmaceuticals, Inc.",Clonidine Hydrochloride,Mazda3,Mazda
Original texture Orange flavor,Sunmark,psyllium husk,C8,Spyker
Oxygen,"Youngstown Oxygen & Welding Supply, Inc.",Oxygen,911,Porsche
Denorex Extra Strength,Ultimark Products LLC,Salicylic Acid,9-5,Saab
Clearskin Professional,"Avon Products, Inc.",Salicylic acid,W201,Mercedes-Benz
Suphedrine,Wal-Mart Stores Inc,Pseudoephedrine HCl,X6 M,BMW
Bacitracin Zinc,"E. FOUGERA & CO., A division of Fougera Pharmaceuticals Inc.",bacitracin zinc,Monte Carlo,Chevrolet
Doxepin Hydrochloride,"Silarx Pharmaceuticals, Inc",Doxepin Hydrochloride,Sunbird,Pontiac
Ergocalciferol,"Physicians Total Care, Inc.",ergocalciferol,Intrepid,Dodge
Easy Care First Aid - All Purpose,Tender Corp dba Adventure Medical Kits,"BENZALKONIUM CHLORIDE, BENZOCAINE, SD ALCOHOL, BACITRACIN ZINC, NEOMYCIN SULFATE, POLYMYXIN B, IBUPROFEN, ACETAMINOPHEN",Envoy,GMC
Zestymint Antiseptic,"Publix Super Markets, Inc",cetylpyridinium chloride,TundraMax,Toyota
FaceCoTZ,"Fallien Cosmeceuticals, LTD.","Titanium Dioxide, Zinc Oxide",H3,Hummer
Repara,"PSS World Medical, Inc.",Lanolin,Sportage,Kia
Pleo San Cand,Sanum Kehlbeck GmbH & Co. KG,candida albicans,100,Audi
COTTON FIBER,"ALK-Abello, Inc.",COTTON LINTERS,CT,Lexus
Gentle Naturals,Insight Pharmaceuticals,"Matricaria Recutita, Tribasic Calcium Phosphate, Potassium Phosphate, Dibasic, Magnesium Phosphate, Dibasic Trihydrate, and Delphinium Staphisagria Seed",7 Series,BMW
Glyburide,Rebel Distributors Corp,Glyburide,Spectra,Kia
Anorectal,"Medline Industries, Inc.","zinc oxide, petrolatum",Breeze,Plymouth
Atorvastatin Calcium,Dr. Reddy's Laboratories Limited,Atorvastatin Calcium,Corvette,Chevrolet
Diphenoxylate Hydrochloride and Atropine Sulfate,"PD-Rx Pharmaceuticals, Inc.",diphenoxylate hydrochloride and atropine sulfate,Rogue,Nissan
good neighbor pharmacy eye itch relief,"Dispensing Solutions, Inc.",Ketotifen Fumarate,Miata MX-5,Mazda
Metfomin Hydrochloride,REMEDYREPACK INC.,Metformin Hydrochloride,Integra,Acura
Lisinopril and Hydrochlorothiazide,"Golden State Medical Supply, Inc.",lisinopril and hydrochlorothiazide,Corvette,Chevrolet
Pain Relief,HyVee Inc,Acetaminophen,Mark VIII,Lincoln
PROSOPIS JULIFLORA POLLEN,"ALK-Abello, Inc.",Mesquite,Verona,Suzuki
Serotonin,"BioActive Nutritional, Inc.",Serotonin,Corolla,Toyota
Arnica Stannum,Uriel Pharmacy Inc.,Arnica Stannum,Grand Am,Pontiac
Budesonide,"Dispensing Solutions, Inc.",Budesonide,Cabriolet,Volkswagen
Lactulose,"Hi-Tech Pharmacal Co., Inc.",Lactulose,CLK-Class,Mercedes-Benz
Hygea Benzalkonium Chloride,"Professional Disposables International, Inc.",Benzalkonium Chloride,XJ,Jaguar
Benzphetamine Hydrochloride,"Paddock Laboratories, Inc.",BENZPHETAMINE HYDROCHLORIDE,Tempo,Ford
Cyzone,Ventura Corporation Ltd.,Pyrithione Zinc,Savana,GMC
Venlafaxine Hydrochloride,Greenstone LLC,VENLAFAXINE HYDROCHLORIDE,Integra,Acura
Erythromycin Base,REMEDYREPACK INC.,Erythromycin,Sedona,Kia
Hair Regrowth Treatment for Men,Rite Aid,Minoxidil,Z4,BMW
Derma Numb,Atlas Tat Inc.,Lidocaine,Tundra,Toyota
Fluconazole,"Pack Pharmaceuticals, LLC",Fluconazole,4Runner,Toyota
TRICLOSAN,Columbia Jobbing,TRICLOSAN,Sequoia,Toyota
"Butalbital, Aspirin and Caffeine Tablets",Qualitest,"Bultabital, Aspirin and Caffeine Tablets",9000,Saab
Antibacterial Moisturizing Hand Wipes,"Shanghai Yinjing Medical Supplies Co., Ltd.",BENZALKONIUM CHLORIDE,7 Series,BMW
Leucovorin Calcium,Barr Laboratories Inc.,Leucovorin Calcium,MKS,Lincoln
Cleocin Hydrochloride,Pharmacia and Upjohn Company,clindamycin hydrochloride,Freestar,Ford
Rite Aid RENEWAL,RITE AID CORPORATION,AVOBENZONE HOMOSALATE OCTISALATE OCTOCRYLENE,SVX,Subaru
Quetiapine fumarate,Major Pharmaceuticals,Quetiapine fumarate,Silverado,Chevrolet
Thursday Plantation,Integria Healthcare Ballina,Tea Tree Antiseptic,Outback,Subaru
Sanigizer Plus,Ecolab Inc.,Alcohol,Grand Marquis,Mercury
Simvastatin,Ranbaxy Pharmaceuticals Inc.,simvastatin,ES,Lexus
Shopko Cherry SPF 4 Lip Balm,Shopko,"Padimate O, Petrolatum",FR-S,Scion
Berkley and Jensen Naproxen Sodium,BJWC,Naproxen Sodium,Tracker,Geo
Heparin Sodium,"Hospira, Inc.",HEPARIN SODIUM,Ranger,Ford
Castor Oil,"Supervalu, Inc",Castor Oil,Lancer,Mitsubishi
Zolmitriptan,Apotex Corp,Zolmitriptan,Taurus,Ford
Argatroban,West-Ward Pharmaceutical Corp,Argatroban,2500,GMC
Topco,Topco,Fluoride,S60,Volvo
Orphenadrine Citrate,Lake Erie Medical DBA Quality Care Products LLC,Orphenadrine Citrate,Murci√©lago,Lamborghini
Aspirin,Care One (American Sales Company),Aspirin,Seville,Cadillac
ExeFen IR,"Larken Laboratories, Inc.",Guaifenesin and Pseudoephedrine Hydrochloride,RX,Lexus
Labetalol HCl,Cantrell Drug Company,Labetalol HCl,Rio5,Kia
Flector,"H.J. Harkins Company, Inc.",Diclofenac Epolamine,Legacy,Subaru
Extreme Thyro pro,Liddell Laboratories,"Amino acids, Apis mellifica, Arnica montana, Fucus vesiculsus, Gambogia, Hepar suis, Phosphoricum acidum,",Taurus,Ford
Zodryl AC 50,"CodaDose, Inc.",Chlorpheniramine Maleate and Codeine Phosphate,GT350,Shelby
Metronidazole,"PD-Rx Pharmaceuticals, Inc.",Metronidazole,FJ Cruiser,Toyota
"Rugby Nicotine Polacrilex Gum, Original Flavor",Rugby Laboratories,Nicotine Polacrilex,CX-9,Mazda
7 Select Allergy Relief,7-Eleven,fexofenadine hcl,Somerset,Buick
Brain Power,Sunway Biotech LLC,"Semecarpus Anacardium Juice, Arnica Montana, Calcium Fluoride, Silybum Marianum Seed, Chincona Officinalis Bark, Herring Sperm DNA, Ginkgo, Egg Phospholipids, Achillea Millefolium, Phosphoric Acid, Saccharomyces Cerevisia RNA, Silicon Dioxide, and Zinc Sulphate Heptahydrate",Elantra,Hyundai
Folic Acid,McKesson Packaging Services a business unit of McKesson Corporation,Folic Acid,Xterra,Nissan
Little Colds Decongestant Plus Cough,Medtech Products Inc.,Dextromethorphan Hydrobromide and Phenylephrine Hydrochloride,Familia,Mazda
Skin Rash Acne,Natural Health Supply,AILANTHUS ALTISSIMA FLOWERING TWIG,Tahoe,Chevrolet
Asthma Symptom Relief,King Bio Inc.,Natural Medicine,CX-9,Mazda
Desloratadine,Virtus Pharmaceuticals,Desloratadine,XK,Jaguar
Divalproex Sodium,McKesson Contract Packaging,divalproex sodium,RX-8,Mazda
equate hemorrhoidal,Wal-Mart Stores Inc,"glycerin, phenylephrine HCl, pramoxine HCl, white petrolatum",RSX,Acura
Diltiazem Hydrochloride,American Health Packaging,Diltiazem Hydrochloride,MPV,Mazda
Abstral,"Galena Biopharma, Inc.",fentanyl citrate,S8,Audi
Formadon,Gordon Laboratories,Formaldehyde,Viper,Dodge
Digoxin,"Physicians Total Care, Inc.",Digoxin,RDX,Acura
Oxygen,Island Equipment Company,Oxygen,Element,Honda
Tucks Hemorrhoidal,"McNEIL-PPC, Inc.","Mineral Oil, Pramoxine Hydrochloride, and Zinc Oxide",5000CS,Audi
BOBBI BROWN EXTRA,Bobbi Brown Professional Cosmetics Inc.,"OCTINOXATE, HOMOSALATE, OXYBENZONE, and AVOBENZONE",2500,GMC
Simvastatin,Contract Pharmacy Services-PA,Simvastatin,Contour,Ford
Bisacodyl,Carilion Materials Management,Bisacodyl,Durango,Dodge
Oxcarbazepine,Sun Pharmaceutical Industries Limited,Oxcarbazepine,Supra,Toyota
allergy eye,CVS Pharmacy,Ketotifen Fumarate,Challenger,Mitsubishi
Warfarin Sodium,STAT Rx USA LLC,Warfarin Sodium,Cavalier,Chevrolet
Yves Saint Laurent Forever Youth Liberator Sunscreen Broad Spectrum SPF 15 Antiwrinkle Lift Plump Radiance,L'Oreal USA Products Inc,"Avobenzone, Octisalate and Octocrylene",Continental,Bentley
7 Select Allergy,7-Eleven,Diphenhydramine Hydrochloride,600SEL,Mercedes-Benz
QUERCUS VIRGINIANA POLLEN,"ALK-Abello, Inc.",Virginia Live Oak,RL,Acura
Diazepam,Teva Pharmaceuticals USA Inc,Diazepam,Journey,Dodge
Well at Walgreens,Walgreen Company,"SODIUM BICARBONATE, SODIUM CHLORIDE",Highlander,Toyota
nasal decongestant,Safeway,Oxymetazoline HCl,Regal,Buick
Cedar Elm,"Nelco Laboratories, Inc.",Cedar Elm,Grand Cherokee,Jeep
Milk of Magnesia Wild Cherry,Premier Value,MAGNESIUM HYDROXIDE,Escape,Ford
Old Spice Fresh Collection Denali,Procter & Gamble Manufacturing Company,aluminum zirconium trichlorohydrex gly,A4,Audi
Cheong-Kwan-Jang Korean HongSam,Korea Ginseng Corporation,ASIAN GINSENG,Frontier,Nissan
HYDRALAZINE HYDROCHLORIDE,Rebel Distributors Corp,Hydralazine Hydrochloride,G,Infiniti
Pramipexole Dihydrochloride,Torrent Pharmaceuticals Limited,Pramipexole Dihydrochloride,Ram 1500 Club,Dodge
Antibacterial Protective Hand,Hanover Pen Corp dba HPC Global,Chlorhexidine Gluconate,E350,Ford
Antiseptic Mouth rinse,American Sales Company,Eucalyptol,164,Alfa Romeo
kids throat,KEYSUN PTY. LIMITED Also Traded as KEYSUN LABORATORIES,"Aconite 30C, Belladonna 30C, Chamomilla 30C, Phytolacca 30C",riolet,Audi
good sense lice killing,L Perrigo Company,"Piperonyl butoxide, Pyrethrum extract",R8,Audi
up and up ibuprofen,Target Corporation,Ibuprofen,Paseo,Toyota
CLADOSPORIUM CLADOSPORIOIDES,"ALK-Abello, Inc.",CLADOSPORIUM CLADOSPORIOIDES,LeSabre,Buick
OXYGEN,"Spectrum Gas Products, Inc",OXYGEN,C70,Volvo
Rouge Dior 640 Soft Pink Serum,Parfums Christian Dior,OCTINOXATE,Veracruz,Hyundai
Maracuja Miracle Foundation 12-Hour Foundation Broad Spectrum SPF 15 Sunscreen,"Tarte, Inc","Avobenzone, Octinoxate, Octisalate, and Oxybenzone",Aero 8,Morgan
TopCare Cough Relief Sugar Free Cherry Flavor,Topco Associates LLC,"DEXTROMETHORPHAN HYDROBROMIDE, MENTHOL",Solara,Toyota
superSHOCK,"Avon Products, Inc.","OCTINOXATE, OXYBENZONE",Continental GTC,Bentley
BioRelief Ice Pain Relieving,"Mekt, LLC",MENTHOL,Civic Si,Honda
Constitutional Immuno,New Sun Inc.,"Aconitum napellus, Arsenicum album,Baryta carbonica, Bryonia, Calcarea carbonica, Cantharis, Gelsemium sempervirens, Graphites, Hydrastis canadensis, Kali carbonicum, Lachesis mutus, Lycopodium clavatum, Mercurius vivus, Natrum muriaticum, Nux vomica, Phosphorus, Phytolacca decandra, Pulsatilla, Rhus toxicodendron, Sepia, Silicea, Sulphur",M5,BMW
Cover Fx BB Gel Mattfying Anti-Blemish N X-Deep,"Cover FX Skin Care, Inc.",SALICYLIC ACID,Sierra 2500,GMC
ZINC OXIDE,CVS,ZINC OXIDE,2500,Chevrolet
lisinopril,"NCS HealthCare of KY, Inc dba Vangard Labs",lisinopril,TL,Acura
Kali phos. Aurum,Uriel Pharmacy Inc.,Kali phos. Aurum,Cherokee,Jeep
NutraRX Digest-Able,Feelgood Health,"Kali phos, Nat phos, Calc phos",900,Saab
Good Sense dayhist allergy,L Perrigo Company,Clemastine fumarate,E250,Ford
DNA,Apotheca Company,"DNA,",Accord,Honda
Bladder Incontinence,King Bio Inc.,"Belladonna, Bellis perennis, Benzoicum acidum, Causticum, Equisetum hyemale, Lycopodium clavatum, Phosphorus, Plantago major, Rhus aromatica, Sepia",Z4 M Roadster,BMW
Oxygen,THH Acquisition LLC I dba Total Home Health,Oxygen,Grand Prix,Pontiac
Childrens Emetrol Dye Free Grape,WellSpring Pharmaceutical Corporation,phosphorated carbohydrate,Tacoma,Toyota
RESTORIL,"Mallinckrodt, Inc.",temazepam,Avalon,Toyota
Carvedilol,REMEDYREPACK INC.,Carvedilol,X6 M,BMW
CycloSPORINE,"Watson Laboratories, Inc.",CycloSPORINE,Elan,Lotus
Gas Relief,P and L Development of New York Corporation (ReadyInCase),SIMETHICONE,Viper,Dodge
GABITRIL,Lake Erie Medical & Surgial Supply DBA Quality Care Products LLC,tiagabine hydrochloride,RX-7,Mazda
Fludeoxyglucose F 18,"PETNET Solutions, Inc.",Fludeoxyglucose F 18,Galant,Mitsubishi
citroma,"Geiss, Destin & Dunn, Inc.",Magesium Citrate,RL,Acura
Food Intolerances,King Bio Inc.,"Aethusa cynapium, Calcarea carbonica, Cucurbita pepo, semen, Gambogia, Histaminum hydrochloricum, Hydrastis canadensis, Lycopodium clavatum, Natrum carbonicum, Nitricum acidum, Nux vomica, Ovi gallinae pellicula, Phosphorus, Pulsatilla, Sulphur",Swift,Suzuki
Bacti-Stat,Ecolab Inc.,triclosan,Revent√≥n,Lamborghini
EB301AP PAIN RELIEF,EMINENCE BIOTECH CORPORATION LIMITED,MENTHOL,LR3,Land Rover
Benicar Hct,"Physicians Total Care, Inc.",olmesartan medoxomil and hydrochlorothiazide,Civic,Honda
Lupaneta Pack,AbbVie Inc.,leuprolide acetate and norethindrone acetate,Viper,Dodge
Escitalopram,Rebel Distributors Corp,Escitalopram,XJ Series,Jaguar
Medium Tan Foundation SPF 15,Bare Escentuals Beauty Inc.,"Titanium Dioxide, Zinc Oxide",Ranger,Ford
Sugar Cookies Scented Antibacterial Hand Sanitizer,Enchante Accessories,Ethyl Alcohol,924 S,Porsche
Urea,"Ascend Laboratories, LLC",Urea,C30,Volvo
Old Spice Wild Collection,Procter & Gamble Manufacturing Company,Aluminum Zirconium Trichlorohydrex Gly,Cordia,Mitsubishi
Granisetron Hydrochloride,"Taro Pharmaceuticals U.S.A., Inc.",Granisetron Hydrochloride,Sebring,Chrysler
Liqufruta,Alston Garrard & Co,GUAIFENESIN,MDX,Acura
Captopril,Apotex Corp.,Captopril,MDX,Acura
"Pollens - Trees, Cypress, Bald Taxodium distichum",Jubilant HollisterStier LLC,"Cypress, Bald Taxodium distichum",Accord,Honda
COLTALIN-ND,FORTUNE PHARMACAL COMPANY LIMITED,"ACETAMINOPHEN, PHENYLEPHRINE HYDROCHLORIDE",Grand Marquis,Mercury
Aurum Metallicum,"True Botanica, LLC",Aurum Metallicum,F250,Ford
Rivastigmine Tartrate,Sun Pharmaceutical Industries Limited,Rivastigmine Tartrate,Daewoo Magnus,Suzuki
Quetiapine fumarate,American Health Packaging,Quetiapine fumarate,Ram 3500,Dodge
Carrington Antifungal,"Medline Industries, Inc.",Miconazole Nitrate,Grand Prix,Pontiac
CP Dr. Babor Purity Cellular Stop Blemish Fluid,"Babor Cosmetics America, Corp.",Salicylic Acid,Previa,Toyota
Gaba,"BioActive Nutritional, Inc.",Gaba,Cougar,Mercury
"Pollens - Weeds and Garden Plants, Nettle Urtica dioica",Jubilant HollisterStier LLC,Nettle Urtica dioica,850,Volvo
My Way,"GAVIS Pharmaceuticals, LLC",Levonorgestrel,LeSabre,Buick
Xylocaine,"Physicians Total Care, Inc.",LIDOCAINE HYDROCHLORIDE,E150,Ford
Allopurinol,Ipca Laboratories Limited,Allopurinol,Diamante,Mitsubishi
ZEA MAYS POLLEN,"ALK-Abello, Inc.",Corn Pollen,Crown Victoria,Ford
berkley and jensen allergy,BJWC,Diphenhydramine Hydrochloride,5 Series,BMW
VANCOMYCIN HYDROCHLORIDE,Baxter Healthcare Corporation,VANCOMYCIN HYDROCHLORIDE,Dakota,Dodge
USTILAGO MAYDIS,"ALK-Abello, Inc.",CORN SMUT,G-Series 2500,Chevrolet
health mart nasal decongestant,McKesson,Pseudoephedrine HCl,Stratus,Dodge
Naproxen Sodium,"H.J. Harkins Company, Inc.",Naproxen,Park Avenue,Buick
topcare heartburn relief 150,Topco Associates LLC,Ranitidine,Range Rover,Land Rover
Lorazepam,McKesson Packaging Services a business unit of McKesson Corporation,Lorazepam,X3,BMW
Atenolol,"AvKARE, Inc.",Atenolol,Quest,Nissan
Ferrum Carbonicum,"True Botanica, LLC",Ferrum Carbonicum,Ram Van B150,Dodge
Valsartan,Sandoz Inc,valsartan,Titan,Nissan
Amoxicillin,"H.J. Harkins Company, Inc.",Amoxicillin,Ram,Dodge
Cold and Flu,"Stephen L. LaFrance Pharmacy, Inc.","Acetaminophen, Dextromethorphan HBr, Doxylamine succinate",Corvair,Chevrolet
SYLATRON,Merck Sharp & Dohme Corp.,peginterferon alfa-2b,Paseo,Toyota
Satogesic,"Sato Pharmaceutical Co., Ltd.","dl-camphor, l-menthol, methyl salicylate",Land Cruiser,Toyota
ACETAMINOPHEN AND CODEINE,"Mutual Pharmaceutical Company, Inc.",Acetaminophen and Codeine Phosphate,5000CS,Audi
topcare tussin CF,Topco Associates LLC,"Dextromethorphan Hydrobromide, Guaifenesin, Phenylephrine Hydrochloride",Corolla,Toyota
Losartan Potassium and Hydrochlorothiazide,Apotex Corp.,Losartan Potassium and Hydrochlorothiazide,500SL,Mercedes-Benz
IBUPROFEN COLD AND SINUS,A P J Laboratories Limited,"IBUPROFEN, PSEUDOEPHEDRINE HYDROCHLORIDE",Caprice,Chevrolet
Bronchial Cough Therapy,TRP Company,"ANTIMONY POTASSIUM TARTRATE - PROTORTONIA CACTI - DROSERA ROTUNDIFOLIA - ECHINACEA, UNSPECIFIED - CALCIUM SULFIDE - HUMAN SPUTUM, BORDETELLA PERTUSSIS INFECTED - SPONGIA OFFICINALIS SKELETON, ROASTED -",F350,Ford
Gabapentin,Rebel Distributors Corp,Gabapentin,Mustang,Ford
Aloxi,Eisai Inc.,palonosetron hydrochloride,626,Mazda
Hydrocodone Bitartrate and Ibuprofen,Lake Erie Medical DBA Quality Care Products LLC,Hydrocodone Bitartrate and Ibuprofen,Grand Caravan,Dodge
Pain Relief PM,TOP CARE (Topco Associates LLC),"Acetaminophen, Diphenhydramine HCl",Typ-1,Aptera
Ampicillin,AGILA SPECIALTIES PRIVATE LIMITED,Ampicillin,Esprit,Lotus
Antibacterial Hand,Kroger Co,Triclosan,Jetta,Volkswagen
Good Sense Nasal,L. Perrigo Company,oxymetazoline hydrochloride,Avalanche 2500,Chevrolet
SunBurnt,"The Akshay Wellness Group, Inc.","Calendula Officinalis, Echinacea Angustifolia, Cantharis Vesicatoria",Town & Country,Chrysler
Pantoprazole Sodium,American Health Packaging,Pantoprazole Sodium,Cayenne,Porsche
Zyvox,Cardinal Health,linezolid,Avalanche 2500,Chevrolet
HydrALAZINE Hydrochloride,Strides Arcolab Limited,HydrALAZINE Hydrochloride,Sierra 1500,GMC
Clozaril,Novartis Pharmaceuticals Corporation,clozapine,SSR,Chevrolet
Phenytoin Sodium,Cardinal Health,Phenytoin Sodium,MX-5,Mazda
Tazza,Terraboost Media LLC,Benzalkonium Chloride,Mustang,Ford
Endopure Testos for Men,Wellness Center,"DNA, Hypothalamus (suis), RNA, Cortisol, Glandula suprarenalis suis, Pituitary (suis), Prostate (suis), Testosterone, Chelidonium majus, Sabal serrulata, Thuja occidentalis,",Miata MX-5,Mazda
ChloraPrep One-Step,CareFusion 213 LLC,chlorhexidine gluconate and isopropyl alcohol,Stratus,Dodge
Levetiracetam,"Physicians Total Care, Inc.",Levetiracetam,TT,Audi
Oxybutynin ChlorideExtended Release,REMEDYREPACK INC.,Oxybutynin Chloride,Spectra,Kia
OXYCODONE AND ACETAMINOPHEN,STAT Rx USA LLC,oxycodone hydrochloride and acetaminophen,Aspen,Chrysler
Valacyclovir,Gen-Source Rx,Valacyclovir Hydrochloride,3500,Chevrolet
KROGER NICOTINE TRANSDERMAL SYSTEM,Novartis Consumer Health,NICOTINE,A6,Audi
"Food - Fish and Shellfish, Clam",Jubilant HollisterStier LLC,Clam,TT,Audi
Simvastatin,"Aphena Pharma Solutions - Tennessee, LLC",Simvastatin,88,Oldsmobile
Leucovorin,Sagent Pharmaceuticals,leucovorin calcium,Voyager,Plymouth
ISOSORBIDE DINITRATE,Carilion Materials Management,ISOSORBIDE DINITRATE,Ridgeline,Honda
Antacid,"Shopko Stores Operating Co., LLC","Aluminum Hydroxide, Magnesium Hydroxide, Simethicone",F350,Ford
Sure,"Innovative Brands, LLC",Invisible Solid Sparkling Bloom,240SX,Nissan
TRIPLE PROTECTION BROAD SPECTRUM SUNSCREENSPF 30,VIVIER PHARMA INC,"TITANIUM DIOXIDE, ZINC OXIDE",B2000,Mazda
Lymph Drainage,"Deseret Biologicals, Inc.","Citrus Limonum, Echinacea, Scrophularia Nodosa, Teucrium Scorodonia, Baptisia Tinctoria, Lobelia Inflata, Phytolacca Decandra",Voyager,Plymouth
Candida,Apotheca Company,Candida albicans,Arnage,Bentley
Neutrogena Healthy Skin Glow Sheers Illuminating Tinted Moisturizer - Light to Medium 30,Neutrogena Corporation,"Homosalate, Octinoxate, Octisalate, Oxybenzone, and Titanium Dioxide",Neon,Dodge
Olanzapine,Clinical Solutions Wholesale,Olanzapine,Montego,Mercury
Divalproex Sodium,Mylan Pharmaceuticals Inc.,divalproex sodium,Tiburon,Hyundai
Allergy Relief,Ohm Laboratories Inc.,Loratadine,7 Series,BMW
Treatment Set TS341474,"Antigen Laboratories, Inc.",Treatment Set TS341474,928,Porsche
Scrub,"Medline Industries, Inc.",Povidone-Iodine,Monaco,Dodge
Amantadine HCl,Banner Pharmacaps Inc,AMANTADINE HYDROCHLORIDE,Escalade,Cadillac
MonoNessa,Watson Pharmaceuticals,norgestimate and ethinyl estradiol,Express 1500,Chevrolet
Midazolam Hydrochloride,Precision Dose Inc.,Midazolam Hydrochloride,Accent,Hyundai
"Pollens - Trees, Eucalyptus (Blue Gum) Eucalyptus globulus",Jubilant HollisterStier LLC,Eucalyptus (Blue Gum) Eucalyptus globulus,A4,Audi
Levetiracetam,"Morton Grove Pharmaceuticals, Inc.",Levetiracetam,Sunbird,Pontiac
Pain Relief,P and L Development of New York Corporation,Ibuprofen,S80,Volvo
HYDROXYZINE PAMOATE,"Golden State Medical Supply, Inc.",HYDROXYZINE PAMOATE,Thunderbird,Ford
Real Deal Foundation,LAURA GELLER MAKE UP INC.,TITANIUM DIOXIDE,Continental GTC,Bentley
Methylphenidate Hydrochloride,Sandoz Inc,methylphenidate hydrochloride,Alpina B7,BMW
Gas Relief,"Dolgencorp, Inc. (DOLLAR GENERAL & REXALL)",Simethicone,3000GT,Mitsubishi
DIOR SNOW PROTECTION UV,NIPPON SHIKIZAI INC.,OCTINOXATE and ZINC OXIDE,Sierra 3500,GMC
Potassium Chloride,Baxter Healthcare Corporation,POTASSIUM CHLORIDE,1500,GMC
Bupropion Hydrochloride,Rebel Distributors Corp.,Bupropion Hydrochloride,RDX,Acura
Neosporin Plus Pain Relief,"Johnson & Johnson Consumer Products Company, Division of Johnson & Johnson Consumer Companies, Inc.",Benzalkonium Chloride and Pramoxine Hydrochloride,Kizashi,Suzuki
Ceramide Lift And Firm Makeup Broad Spectrum Sunscreen SPF 15 Warm Bronze,"Elizabeth Arden, Inc",OCTINOXATE and TITANIUM DIOXIDE,Taurus,Ford
Butrans,A-S Medication Solutions LLC,buprenorphine,Rockette,Fairthorpe
Diphenoxylate Hydrochloride and Atropine Sulfate,"Par Pharmaceutical, Inc.",Diphenoxylate Hydrochloride and Atropine Sulfate,H3,Hummer
Natural SUN Saving Face,"Raining Rose, Inc.",ZINC OXIDE,Catera,Cadillac
Exchange Select Kids Sunscreen,ARMY AND AIR FORCE EXCHANGE SERVICE,AVOBENZONE,Mustang,Ford
Trokendi XR,"Supernus Pharmaceuticals, Inc.",topiramate,LR3,Land Rover
NEOMYCIN AND POLYMYXIN B SULFATES AND HYDROCORTISONE,STAT RX USA LLC,"NEOMYCIN SULFATE, POLYMYXIN B SULFATE AND HYDROCORTISONE",G-Series G30,Chevrolet
Lisinopril,"Blu Pharmaceuticals, LLC",Lisinopril,Tundra,Toyota
Banalg,Rebel Distributors Corp,Methyl Salicylate,Oasis,Isuzu
Fresh Sugar Kisses Sugar Lip Treatment SPF 15 and Sugar Rose Tinted Lip Treatment SPF 15,Guerlain,octinoxate and oxybenzone,S8,Audi
MK Povidone-Iodine Swabstick Non-Sterile,"Changzhou Maokang Medical Products Co., Ltd",POVIDONE-IODINE,Range Rover,Land Rover
Lisinopril,"Dispensing Solutions, Inc.",Lisinopril,Lancer Evolution,Mitsubishi
PINCHOT CEDAR POLLEN,"Allergy Laboratories, Inc.",juniperus pinchotii pollen,SL-Class,Mercedes-Benz
Quercetin,"BioActive Nutritional, Inc.",Quercetin,Supra,Toyota
Blistex,Blistex Inc.,"Dimethicone, Camphor (synthetic), Menthol, and Phenol",Corrado,Volkswagen
Terbinafine Hydrochloride,"PD-Rx Pharmaceuticals, Inc.",Terbinafine Hydrochloride,XK,Jaguar
Ceftriaxone,West-Ward Pharmaceutical Corp,Ceftriaxone,CR-V,Honda
TOPIRAMATE,"Dispensing Solutions, Inc.",TOPIRAMATE,QX,Infiniti
RYTHMOL,GlaxoSmithKline LLC,propafenone hydrochloride,SRX,Cadillac
Degree For Women Classic Romance,Conopco Inc. d/b/a Unilever,Aluminum Zirconium Tetrachlorohydrex GLY,323,Mazda
equaline hemorrhoidal,Supervalu Inc,"cocoa butter, phenylephrine hcl",300SL,Mercedes-Benz
Rexall Alcohol Prep,"Dolgencorp, LLC",Isopropyl Alcohol,TL,Acura
Hydralazine Hydrochloride,American Health Packaging,Hydralazine Hydrochloride,Sequoia,Toyota
BrightSpark,"Native Remedies, LLC","Arg nit, Arsenicum iod, Hyoscyamus, Veratrum alb",Titan,Nissan
athletes foot,Kroger Company,Tolnaftate,Savana 1500,GMC
Hydroxyzine Hydrochloride,Qualitest Pharmaceuticals,hydroxyzine hydrochloride,Suburban 1500,Chevrolet
BENZOYL PEROXIDE,TriMarc Labs,BENZOYL PEROXIDE,200SX,Nissan
SF 5000 Plus,"Cypress Pharmaceutical, Inc.",1.1% Sodium Fluoride Prescription Dental Cream,Sierra,GMC
Amantadine HCl,Rebel Distributors Corp.,Amantadine hydrochloride,62,Maybach
Donepezil hydrochloride,"Par Pharmaceutical, Inc.",Donepezil hydrochloride,Challenger,Mitsubishi
Lactovit Original Roll-On Antiperspirant Deodorant,Laboratorios Genesse SL,Aluminum Chlorohydrate,Econoline E250,Ford
"Standardized Grass Pollen, Grass Mix 4",Jubilant HollisterStier LLC,"Standardized Grass Pollen, Grass Mix 4",MX-3,Mazda
Dover Aminophen,Unifirst First Aid Corporation,Acetaminophen,Wrangler,Jeep
UV PLUS HP DAY SCREEN HIGH PROTECTION,Laboratoires Clarins S.A.,TITANIUM DIOXIDE,Safari,GMC
Top Care,TOPCO Assoc. LLC,Fluoride,XK Series,Jaguar
Carvedilol,REMEDYREPACK INC.,Carvedilol,Pathfinder,Nissan
Assured Extra Strength Cold n hot,"Greenbrier International, Inc.",Menthol,Continental Flying Spur,Bentley
Anti-Diarrheal,Freds Inc,LOPERAMIDE HYDROCHLORIDE,Spectra,Kia
PredniSONE,Unit Dose Services,PredniSONE,Cooper,MINI
ESIKA,"Ventura Corporation (San Juan, P.R)",Octinoxate and Oxybenzone,TT,Audi
Peppermint,"Nelco Laboratories, Inc.",Peppermint,Grand Prix,Pontiac
Hydrochlorothiazide,Accord Healthcare Inc.,Hydrochlorothiazide,370Z,Nissan
PRIME PRIMER CLASSIC,"F&CO Co., Ltd.",Dimethicone,Trooper,Isuzu
Brioschi Childrens Effervescent Antacid,"Brioschi Pharmaceuticals International, LLC","sodium bicarbonate, tartaric acid",MDX,Acura
Opahl,"Dharma Research, Inc.",Benzocaine,Impreza,Subaru
OLUX,"Prestium Pharma, Inc.",clobetasol propionate,Continental Flying Spur,Bentley
PAXIL,Apotex Corp,paroxetine hydrochloride,Express 3500,Chevrolet
CINNAMON,"Allergy Laboratories, Inc.",cinnamon,E-Class,Mercedes-Benz
Fluticasone Propionate,Apotex Corp.,Fluticasone Propionate,Rio,Kia
Sunscreen Baby,UV Natural International Pty Ltd,Zinc oxide,Aveo,Chevrolet
GENTAMICIN SULFATE,REMEDYREPACK INC.,gentamicin sulfate,Fit,Honda
Simvastatin,Cardinal Health,Simvastatin,G-Class,Mercedes-Benz
Nafcillin,"Claris Lifesciences, Inc.",Nafcillin,CR-X,Honda
GENOTROPIN,Pharmacia and Upjohn Company,somatropin,Lumina,Chevrolet
Dexamethasone Sodium Phosphate,"APP Pharmaceuticals, LLC",DEXAMETHASONE SODIUM PHOSPHATE,XG350,Hyundai
Dutoprol,AstraZeneca Pharmaceuticals LP,metoprolol succinate and hydrochlorothiazide,Thunderbird,Ford
Gas Relief,TOP CARE (Topco Associates LLC),SIMETHICONE,Savana 3500,GMC
Methylprednisolone Sodium Succinate,"Fresenius Kabi USA, LLC",METHYLPREDNISOLONE SODIUM SUCCINATE,riolet,Audi
METOPROLOL SUCCINATE,Par Pharmaceutical Inc.,Metoprolol succinate,Aurora,Oldsmobile
Cold-EEZE,"ProPhase Labs, Inc.",Zinc Gluconate,Pathfinder Armada,Nissan
Members Mark Allergy,Sam's West Inc,"Acetaminophen, Chlorpheniramine maleate, Phenylephrine HCl",1500,GMC
ENSKYCE,"Lupin Pharmaceuticals, Inc.",desogestrel and ethinyl estradiol,Loyale,Subaru
Potassium Chloride,Amneal Pharmaceuticals,Potassium Chloride,Impreza,Subaru
Carvedilol,REMEDYREPACK INC.,Carvedilol,Avalanche 2500,Chevrolet
SYLATRON,Merck Sharp & Dohme Corp.,peginterferon alfa-2b,Dakota Club,Dodge
Repaglinide,Mylan Pharmaceuticals Inc.,repaglinide,Firefly,Pontiac
OLANZAPINE,Torrent Pharmaceuticals Limited,OLANZAPINE,Golf,Volkswagen
Pleo Stroph,Sanum Kehlbeck GmbH & Co. KG,strophanthus hispidus,F350,Ford
Somatuline Depot,"Ipsen Biopharmaceuticals, Inc.",lanreotide acetate,Gran Sport,Maserati
Zoledronic Acid,Dr.Reddy's Laboratories Ltd,Zoledronic Acid,Fusion,Ford
Carbidopa and Levodopa,McKesson Packaging Services a business unit of McKesson Corporation,Carbidopa and Levodopa,911,Porsche
Equaline Nicotine,Supervalu Inc,Nicotine polacrilex,J,Infiniti
Run Kang Alcohol Pads - MEDIUM,"Taizhou Runkang Medical Products Co.,Ltd.",ISOPROPYL ALCOHOL,Savana 2500,GMC
risperidone,American Health Packaging,risperidone,Sprinter 2500,Mercedes-Benz
PRAMCORT,Rochester Pharmaceuticals,1% HYDROCORTISONE ACETATE W/W 1% PRAMOXINE HYDROCHLORIDE W/W CREAM,Durango,Dodge
Terconazole,"Physicians Total Care, Inc.",terconazole,Park Avenue,Buick
Neutrogena Wet Skin Swim-Humidity-Sweat Sunblock,Neutrogena Corporation,"Avobenzone, Homosalate, Octisalate, Octocrylene, and Oxybenzone",Amigo,Isuzu
Gabapentin,Keltman Pharmaceuticals Inc.,Gabapentin,626,Mazda
Clonazepam,Rebel Distributors,Clonazepam,Ram 2500,Dodge
Tickling Cough,Natural Health Supply,RUMEX CRISPUS ROOT,D150 Club,Dodge
Stye in the Eye,Home Sweet Homeopathics,"Calc Fluor 30c,, Conium Mac 30c,, Carboneum Sulph 30c, Digitalis 30c, Graphites 30c, Lycopodium 30c, Pulsatilla 30c, Sepia 30c, Silicea 30c, Staphysagria 30c, Sulphur 30c",Chariot,Mitsubishi
Ursodiol,"Glenmark Generics Inc.,USA",Ursodiol,Montero,Mitsubishi
Klor-Con M,"Upsher-Smith Laboratories, Inc.",Potassium Chloride,3500,GMC
ERY-TAB,"Arbor Pharmaceuticals, Inc.",Erythromycin,CL-Class,Mercedes-Benz
Antigas,Best Choice (Valu Merchandisers Company),Simethicone,V50,Volvo
Muscle - Tendon,"Newton Laboratories, Inc.","Aconitum nap., Antimon. tart., Arg. nit., Arnica, Bryonia, Chamomilla, Chelidonium majus, Cimicifuga, Eupatorium perf., Hypericum, Nux vom., Rhus toxicodendron, Ruta, Sarcolacticum ac., Stramonium, Strychninum, Phytolacca, Symphytum",Sephia,Kia
Black Willow,"Nelco Laboratories, Inc.",Black Willow,Eclipse,Mitsubishi
Matzim LA,"Watson Pharma, Inc.",Diltiazem Hydrochloride,Talon,Eagle
INTENSE CARE GALACTOMYCES FIRST ESSENCE,"TONYMOLY CO., LTD.",Glycerin,Sedona,Kia
"Terrasil Itch, Rash and Pain Relief","Aidance Skincare & Topical Solutions, LLC","Allantoin, Lidocaine",Golf,Volkswagen
12 Hour Cough Relief,Western Family Foods Inc,dextromethorphan polistirex,Sprinter,Dodge
Butrans,Lake Erie Medical & Surgical Supply DBA Quality Care Products LLC,buprenorphine,Silhouette,Oldsmobile
Dr L Advanced HCG Formula,Apotheca Company,"Chromium GTF, Hypothalamus, Human chorionic gonadotropin, Garcinia cambogia,",Achieva,Oldsmobile
Dr. Jart Premium Beauty Balm,"Have and Be Co.,Ltd.","Titanium Dioxide, Zinc Oxide",Diablo,Lamborghini
Pegasys,"Genentech, Inc.",peginterferon alfa-2a,Corvette,Chevrolet
Diclofenac,"Akorn, Inc.",Diclofenac Sodium,Grand Prix,Pontiac
Triple Vitamin Drops with Fluoride,Stratus Pharmaceuticals,"Vitamin A, ASCORBIC ACID, CHOLECALCIFEROL, and SODIUM FLUORIDE",4000s Quattro,Audi
"Carbidopa, Levodopa, and Entacapone",Sandoz Inc,"Carbidopa, Levodopa, and Entacapone",LS,Lincoln
Nitrogen,"Haun Welding Supply, Inc.",Nitrogen,Crosstour,Honda
Idole Natural Organic,International Beauty Exchange,HYDROQUINONE,Solstice,Pontiac
Alprazolam,Lake Erie Medical DBA Quality Care Products LLC,ALPRAZOLAM,Trooper,Isuzu
CLE DE PEAU BEAUTE FOUNDATION I,"SHISEIDO CO., LTD.",Titanium dioxide,Karif,Maserati
Treatment Set TS341824,"Antigen Laboratories, Inc.",Treatment Set TS341824,900,Saab
Depo-Medrol,REMEDYREPACK INC.,methylprednisolone acetate,Fusion,Ford
Omeprazole,McKesson Packaging Services a business unit of McKesson Corporation,omeprazole,Ranger,Ford
Hydrogen Peroxide,Vi-Jon,HYDROGEN PEROXIDE,DeVille,Cadillac
Donepezil Hydrochloride,Sandoz Inc,Donepezil Hydrochloride,Sportvan G20,Chevrolet
NITROGLYCERIN,Greenstone LLC,nitroglycerin,Sonoma,GMC
Acyclovir,"Watson Laboratories, Inc",acyclovir,F-Series,Ford
CAPRELSA,AstraZeneca Pharmaceuticals LP,Vandetanib,Regal,Buick
THE RADIANT CONCEALER,MAX HUBER RESEARCH LAB INC,TITANIUM DIOXIDE,CL65 AMG,Mercedes-Benz
Drosera Homaccord,Heel Inc,DROSERA ROTUNDIFOLIA and CUPRIC ACETATE,300M,Chrysler
Neutrogena Oil Free Acne Wash,Neutrogena Corporation,Salicylic Acid,1500 Club Coupe,GMC
Tramadol Hydrochloride and Acetaminophen,Rebel Distributors Corp,tramadol hydrochloride and acetaminophen,F-Series,Ford
Nobacco Remedy Water,"Georgetown Health, LLC DBA EssentiaLife","Arsenicum alb., Benzoicum acidum, Berber. vulg, Bryonia, Caladium seguinum, Cantharis, Ceanothus, Chelidonium majus, Chionanthus virginica, Cinchona, Daphne indica, Ignatia, Iris versicolor, Lycopodium, Nicotinum, Nux vom., Rhus toxicodendron, Scutellaria lateriflora, Tabacum, Echinacea, Taraxacum, Valeriana",RX-7,Mazda
GLYBURIDE AND METFORMIN HYDROCHLORIDE,Dr. Reddy's Laboratories Limited,GLYBURIDE AND METFORMIN HYDROCHLORIDE,S6,Audi
Cold Spot,"Fabrication Enterprises, inc.",MENTHOL,1500,Chevrolet
LEDUM PAL,Hyland's,LEDUM PALUSTRE TWIG,Tucson,Hyundai
Mountain Cedar,"Nelco Laboratories, Inc.",Mountain Cedar,Sedona,Kia
Hydroxyzine Hydrochloride,Bryant Ranch Prepack,Hydroxyzine Hydrochloride,Mountaineer,Mercury
Sword Fish,"Nelco Laboratories, Inc.",Sword Fish,CX,Citro√´n
NAPROXEN SODIUM,"AvKARE, Inc.",NAPROXEN SODIUM,Park Avenue,Buick
AMBRA GRISEA,HOMEOLAB USA INC.,AMBRA GRISEA,Probe,Ford
Hydrocodone Bitartrate And Acetaminophen,Rebel Distributors Corp,Hydrocodone Bitartrate And Acetaminophen,Insight,Honda
Fluoxetine,Lake Erie Medical DBA Quality Care Products LLC,fluoxetine,330,BMW
Travel Sickness,QUALITY CHOICE (Chain Drug Marketing Association),Dimenhydrinate,Cabriolet,Audi
Laxative pills,TARGET Corporation,Sennosides,Trooper,Isuzu
zinc oxide,Sion Biotext Medical Ltd,zinc oxide,Suburban 2500,GMC
Irbesartan,"Lupin Pharmaceuticals, Inc.",Irbesartan,Sunbird,Pontiac
Potassium Chloride in Sodium Chloride,Baxter Healthcare Corporation,Potassium Chloride and Sodium Chloride,Sidekick,Suzuki
clear days ahead,Philosophy Inc.,Salicylic Acid,Topaz,Mercury
Alpha-Pro,"Dental Technologies, Inc.",Sodium Fluoride and Hydrofluoric Acid,V8 Vantage,Aston Martin
Claires Fancy Nancy Antibacterial Glamourous Grape,"SJ Creations, Inc.",ALCOHOL,M5,BMW
Cephalexin,"Belcher Pharmaceuticals, LLC",Cephalexin,Cherokee,Jeep
Motion Sickness,TOP CARE (Topco Associates LLC),Dimenhydrinate,GTO,Mitsubishi
Slender Ragweed,"Antigen Laboratories, Inc.",Slender Ragweed,S-Series,Saturn
Acyclovir,REMEDYREPACK INC.,Acyclovir,Continental Flying Spur,Bentley
Rivastigmine Tartrate,"Watson Laboratories, Inc.",Rivastigmine Tartrate,Tredia,Mitsubishi
Ofloxacin,Dr. Reddy's Laboratories Limited,ofloxacin,Discovery,Land Rover
Bodycology,"Advanced Beauty Systems, Inc.",Enchanted Forest,6 Series,BMW
XtraCare instant Hand Sanitizer,Rejoice International,ALCOHOL,F-Series,Ford
Amlodipine besylate and Atorvastatin calcium,Greenstone LLC,amlodipine besylate and atorvastatin calcium,VUE,Saturn
Antispetic,Meijer Distribution Inc.,"Eucalyptol, menthol, methyl salicylate, thymol",RS4,Audi
Carisoprodol,Proficient Rx LP,Carisoprodol,F250,Ford
Methotrexate,"Fresenius Kabi USA, LLC",METHOTREXATE SODIUM,Firebird,Pontiac
Amoxicillin and Calvulanate Potassium,American Health Packaging,Amoxicillin and Clavulanate Potassium,i-Series,Isuzu
Ondansetron,Proficient Rx,Ondansetron,SLR McLaren,Mercedes-Benz
Hemox A,"Mycone Dental Supply Co., Inc DBA Keystone Industries and Deepak Products Inc.",Aluminum Chloride,Wrangler,Jeep
Aspirin,"A&Z Pharmaceutical, Inc.",Aspirin,Malibu,Chevrolet
Effexor,"PD-Rx Pharmaceuticals, Inc.",venlafaxine hydrochloride,XJ Series,Jaguar
LOSARTAN POTASSIUM AND HYDROCHLOROTHIAZIDE,Cadila Healthcare Limited,LOSARTAN POTASSIUM AND HYDROCHLOROTHIAZIDE,V8,Audi
Megestrol Acetate,Barr Laboratories Inc.,Megestrol Acetate,Golf,Volkswagen
Fenofibrate,"Lupin Pharmaceuticals, Inc.",Fenofibrate,Millenia,Mazda
Bisacodyl,"Aphena Pharma Solutions - Tennessee, LLC",Bisacodyl,Monza,Chevrolet
acid reducer,CVS Pharmacy,Ranitidine,Grand Cherokee,Jeep
Dental Clinic 2080 K Strong Winter Green,"Aekyung Ind. Co., Ltd.",SODIUM FLUORIDE,Avenger,Dodge
Foaming Hand Wash,Target Corp,Triclosan 0.46%,XL7,Suzuki
ALCOHOL FREE HAND SANITIZER,"Shanghai Kejing Cleaning Products Co., Ltd.",BENZALKONIUM CHLORIDE,Quest,Nissan
PrimaGuard,First Choice Medical Supply,LANOLIN,Silverado 1500,Chevrolet
MORUS ALBA POLLEN,"ALK-Abello, Inc.",White Mulberry,Pajero,Mitsubishi
7 Select Antacid,7-Eleven,Calcium carbonate,Taurus X,Ford
SmileGuard Spider Sense Spider-Man Bubblegum,"Dr. Fresh, Inc.",SODIUM FLUORIDE,A6,Audi
ibuprofen,Rite Aid Corporation,Ibuprofen,Azera,Hyundai
COUMADIN,Bristol-Myers Squibb Pharma Company,warfarin sodium,Leone,Subaru
Nioxin Scalp Recovery,Procter & Gamble Manufacturing Company,Pyrithione Zinc,Civic,Honda
Publix,Publix Super Markets Inc,Clotrimazole,riolet,Audi
Timolol Maleate,Mylan Pharmaceuticals Inc.,timolol maleate,Escort,Ford
Rouge Dior Serum de Rouge Luminous Color Lip Treatment 660,Parfums Christian Dior,OCTINOXATE,Elantra,Hyundai
Bellaskin Skin-rebirth Contour,"Ajou Medics Co., Ltd",ADENOSINE,Grand Marquis,Mercury
Proctofoam,Alaven Pharmaceutical LLC,hydrocortisone acetate and pramoxine hydrochloride,Focus,Ford
Gallplex,King Bio Inc.,"Berberis vulgaris, Bryonia, Carduus marianus, Chelidonium majus, Cholesterinum, Cinchona officinalis, Colocynthis, Dioscorea villosa, Lycopodium clavatum, Natrum sulphuricum",Suburban 1500,Chevrolet
Fentanyl Citrate,West-ward Pharmaceutical Corp.,Fentanyl Citrate,Grand Marquis,Mercury
almost bronzer,clinique laboratories inc,titanium dioxide,Escort,Ford
Sterile Isotonic Buffered Genuine Eyewash,Genuine First Aid,WATER,Crown Victoria,Ford
Testosterone,Apothecca Company,"Testosterone,",Crown Victoria,Ford
CATTLE HAIR AND EPITHELIA,"Allergy Laboratories, Inc.",bos taurus hair and bos taurus skin,TT,Audi
Ranitidine,"MedVantx, Inc.",Ranitidine,Diablo,Lamborghini
Minocycline Hydrochloride,Aurobindo Pharma Limited,Minocycline Hydrochloride,Truck,Mitsubishi
Lidocaine Hydrochloride,A-S Medication Solutions LLC,Lidocaine Hydrochloride,Firebird Formula,Pontiac
Cattle Epithelium,"Nelco Laboratories, Inc.",Cattle Epithelium,Murci√©lago,Lamborghini
Prednisone,McKesson Packaging Services a business unit of McKesson Corporation,Prednisone,X6 M,BMW
Olanzapine,Teva Pharmaceuticals USA Inc,Olanzapine,XJ,Jaguar
Equate nicotine,Wal-Mart Stores Inc,Nicotine Polacrilex,Skylark,Buick
Lidocaine Hydrochloride,"General Injectables & Vaccines, Inc",lidocaine hydrochloride,Altima,Nissan
Atenolol,"AvKARE, Inc.",Atenolol,Town Car,Lincoln
Aveeno Skin Relief 24hr Moisturizing,"Johnson & Johnson Consumer Products Company, Division of Johnson & Johnson Consumer Companies, Inc.",Dimethicone,Tracker,Geo
Always Perfect CC,"Elishacoy Co., Inc.","Titanium Dioxide, Zinc Oxide",LS,Lexus
Bactine Original First Aid,"Bayer HealthCare LLC, Consumer Care",BENZALKONIUM CHLORIDE and LIDOCAINE HYDROCHLORIDE,Aztek,Pontiac
