user: username,user: pass
ngladwell0,w9dBbO
bsmye1,8IviMX
qhallt2,ptNXgTascA5
ckelley3,aSWexs3i6spQ
hperfect4,K6mnCF
rilieve5,zFISDBGPhbP
jwhitley6,ht4Bj87
aknightley7,fRAPn6
hvango8,3s5sX13N
tbull9,0wRJ1K
zbucktrouta,RR3djCbpzg
istaplesb,XmM8cfa
moliverc,CoWcsekFG6X
rcarterd,YipbGswoscga
merreye,WwyKJe8
kmccartf,hhrniK
adelayglesiag,or7F9kIBQkN8
apinkh,ok0hyERW
ttuplini,ZpVdOBGrRhdm
vvindenj,NumQmiryXA
iwrixonk,fIilUG9oAE
mshepherdsonl,BIO2tn
dselwaym,dOe5Epgvgvr6
czuppan,bBobfb
jstieblero,eFSiXNiADL
ntarbattp,SsiIy3w58c4o
ekaganq,aSOQciZBQDH
bdwelleyr,0jCGJlY
wsanchezs,BTe3x6gbMzi
mmcgarryt,00YxjcKn
jdebankeu,HtxJQTrT1uJL
fshoubridgev,n4b6bb8judSU
sparresw,vNSpR2Kok
fpettipherx,h1WenzJm
pmcanellyey,QHPc7Hz
ceastamz,cXlblVhQA
lgracewood10,AKa3AKE
medmeads11,jdyxBZU
kdunkley12,DYwRIz
druck13,EyItBZXc
dulrik14,cQyGIv
cguerrieri15,F1dtpd
jprott16,jm6WTt5
bretchford17,YhFAXxNgn
sbraunroth18,GzhR6Mu
ifulford19,d557kWD48
pdeambrosis1a,mAz8iIp
aallden1b,6d4BOn4vZJq0
tgregorace1c,SnVYFJZ
vehlerding1d,t2HcvAdA0EN
mcastagnasso1e,WFbIZJWnql
ekliner1f,0exoBAZ
frikkard1g,wSNECC
pprimarolo1h,51EIfbRpzXe
kberetta1i,hcpe2Y3eC
cnorthover1j,ctjhsl
dantcliff1k,MExfhap0s
gwollacott1l,HA3OhD9m7o
kcary1m,N2q8iV
hberrecloth1n,O60RB8AA
talten1o,mONkAwFh8
gmennear1p,u3Bty44
khetterich1q,MtpGit
coneal1r,FKixUcK
pcripwell1s,QYW4kJY
bkee1t,cpckeTxSYC
fprangley1u,VpoI2R
rtidbald1v,EJtZiHG8OCg5
lmcgavigan1w,4rM70DPGO1V
acardoso1x,5Ulp4ADmk
ychamberlen1y,1rURxudUlW2X
evalentetti1z,n117LV
elovstrom20,PgCOaGn3fHjo
ohuddy21,79Xddj
rhassen22,BYNE5idB
cbroddle23,eiF9jj6ESUzm
fleneham24,T7gOhO
lhush25,1myWA081V
aalebrooke26,5bfO5RbJ5Y
asyers27,fwah40PI6
mpitchford28,4ebZY1Js
badenot29,7k0MPmKp
awillisch2a,5unA1Cljx
ddifranceschi2b,VH0H2Ra8GZ3U
mdighton2c,u2H8wprOc
wtraise2d,0gzgKJug
bcarillo2e,V0wvKintg99
pkitcatt2f,2yRzReMS
mdidball2g,nxkHnXuc
bgreenalf2h,83rJViEDm
fbogges2i,gpPzfUH
afenech2j,qHQ5h2SqXdG
brenton2k,ZmzpZBqL
nhuddlestone2l,Jf5z8cba6
gmergue2m,vAL43Jn20f
nknightly2n,YXnOTP0jN9
acowl2o,SZKv8Y9N87
efawthorpe2p,ybEtKlw
adanovich2q,QotAWspOr1Ix
efranzettoini2r,qhKC6QMkZfH
smount2s,QlgSCg7vRN
brops2t,FJCFA5v8eaCF
lvanderplas2u,JlWqPmA
rphetteplace2v,l96gtijnk
cstritton2w,X2bgjLw
oapdell2x,ledEFdU5fYHt
tcaesar2y,ooOBdtvqUV
jwitchell2z,8nFjHYGniyET
shaggata30,3ozDGbnFeTZx
htym31,ZlFnSKo
dgouinlock32,YqJ4YlGn
fcoules33,PK8cPt
cvlasin34,H4gmkG
nboow35,IbPHmNCVwxA
gshiell36,dlluMMoEmlZ
dmangin37,4DbdMFetfLtj
cstarmer38,4tH37fd8OpC6
kkleinfeld39,PlSJDoneDP
jumpleby3a,t1J2zKLd
gketton3b,ruuYiDVz
mburnsall3c,A0lVdU1
ymollon3d,1OUmoc
rpriddy3e,DiKzXFE
mdevil3f,Cj0o1X0n6xRI
wlatter3g,VjurBESjTq
bilsley3h,jTKgNpVbMjlg
rloughan3i,gHwGhdAOR8
bliddy3j,K9c4wFmL
msangwine3k,nIlxV9cmdw
toshea3l,7QwISK
htomaselli3m,mYiQBSo
vscantleberry3n,y1gjmZ7XbVNT
falldridge3o,mK2B10Wk
gbettleson3p,DocXKY8M8T
sdavidovicz3q,1s86nJH
ekingaby3r,DKTGJ6UGDO6M
rroizn3s,MCkNuMZ
aperks3t,NS9prNuElaz
ebrister3u,MSCG0Pc
vswyn3v,oXiO2Of
fambridge3w,IiCRbh4Fo
habdee3x,qw6DjAiCkBB
hgreenrodd3y,4hZbCTp
ctunnock3z,3QEQr9MNChh
mlamswood40,aHv0ciYA
lstorrar41,UobcBEHG0mN
jspitell42,xrxQAiqR5s
jparish43,f55Kc5mGEu4
mgoodsell44,50r6Q0985n
dshepstone45,pp16Qd
rkeslake46,E9HhKgfTra
lcolisbe47,gLlN64lj
mdyball48,Rz7Ktv5rYyo4
bheighway49,na6pwfC
medmunds4a,oApoHC
bfossitt4b,rxguVufZtl4q
cwharf4c,mbaGkTFl5g
rfourman4d,ywvzaWHC
mcarluccio4e,iHZdrmyWB7
fmatveyev4f,St9VOSeDZ2
bvandermerwe4g,H4Ak6YbSh
cfairholm4h,y4cb7k6tTUd
kschust4i,p1aF2NpbhdG
hmccrow4j,LXytS5kZqSAE
bodom4k,gBKA3YB8ONr
nklimkovich4l,0WAracxgxoV
ecarrigan4m,9YmLA6A8k
bcartmael4n,BuW7ZmBA
rrubinov4o,kmEWfUT2
amuehle4p,Z8fM9NA87txc
eabramin4q,PQwfCTCxXY
wgreave4r,RhlXRDh
wwilmington4s,0RX8CubItfsD
kkeaveny4t,Qqe7RMS1a
mribeiro4u,wsgDcjab2Nbh
nolander4v,ehnXdJrfGCVu
zpeach4w,OLJccii8lw
htybalt4x,QvrqMYYy1g
thinkins4y,gri0pw
mfortey4z,qDDZQJ
eshingler50,UidTyv
cbrunke51,0pTqtE
pgoldhill52,aFYMiHKZniOB
dpostance53,Nby2Ewk2ZW8W
shammell54,ySWURwhKh8
sstarrs55,3yZ7l6QmbUk
kriply56,J3wgm0M6
sbythell57,jrzXQQ0z
kbellie58,Zjbft7M
lcalladine59,9meMewRv2t59
ahoulahan5a,OPLOpU0K4
mwragge5b,xjOGQQwRPzA
dpeacocke5c,dBkqaA
hkeays5d,2kfZe5C
gmccloughlin5e,Uxwzq7
cgibbon5f,bTLmcsS2
jcaldaro5g,iF5hDzZ
cickovicz5h,6LKdknZeWO
mleavold5i,1KyK0NTa6Ngx
pwalby5j,03LasbZba7op
nturfs5k,8a565JfHLB
mohanley5l,j3eyLnn
pforsard5m,Eqsa7n
tmacduffie5n,8yF1rC
jhehnke5o,2H9CbFbLfZ5
adruel5p,Hil2uy
emustarde5q,SPZpXQPr2km
dlaidel5r,C0VQqej2Sx
cscawn5s,jiD1965Q
broust5t,OOdxu9OxHA
hharburtson5u,2TtE6vk
gadamovsky5v,VjqNHXH
pdalmon5w,wREWOs8o
lconnors5x,1KiXoKpsrj1
ndarree5y,bAJnBSd3x
dspelman5z,FDmJ6qKHQB
cdurante60,6UVd9ZeeO
lvalerio61,qyg6vE8wMfFv
sshutt62,bpR6u4
dtunniclisse63,qgKyX6uhlpx
mstadden64,4AOQ0E5
scaw65,1FT2G1
flowle66,2LW1A9ObDn
bhaig67,Ct1e0mcMBp4H
cjobling68,cwOq7m8
jmosconi69,tB1FjW2j
wiacobetto6a,UKx8BW
azuan6b,3IPKulguq
fstonhewer6c,bU4kMyi7M0B
hruckman6d,88eb9EZ
svaan6e,atlCnEoAFB
kmudge6f,kfYfiBcSvco
ctussaine6g,xvdgRuV
akulis6h,fDIU2x
pfarnsworth6i,EHXaDw3C
mwilleman6j,VGOKgzz7yW
pfeaveer6k,hapYbq
wstanyard6l,PxLsFGWc
adyball6m,ysUDnroF
lbilovsky6n,PZ1v8Zm7v
ncolls6o,xJh5bisIbPxg
abrettelle6p,UpMgAEycjM
rsollom6q,HxyVbp
llaw6r,z0pZZDn1
obrignall6s,5SEkrJzdbk
rgencke6t,v3fivkKtudw
mmesser6u,EieMc1P2MJ
kkleen6v,FaRMj6ilpFEA
mogaven6w,ySMkxkddR
hgregon6x,i22JHj8I9VR
cballefant6y,zrlXqEzEG12W
glepick6z,ar6yIRSC79xF
wgreensall70,LsbZ8QYX1AMW
obletsor71,yK2zz4j
ulillico72,ccnGurwHgp
speer73,mcZNMpGZlWBp
kianizzi74,EcYGXr4aUfW
utarbard75,y2PpHoZ
rcorderoy76,hVGNuYLHPQq
vroos77,D5xRqlS3Du
nbrewett78,AMlhKwRGlsBi
bkinny79,zIYLBdC
oaymeric7a,h84Ro27pqDtI
smarriner7b,1Z5VmEG
nmaidment7c,kU9njU
sfarguhar7d,oMwF5rrwN
dhamblen7e,vfaIj1p
dyukhnini7f,qUXs2QXTK0F
griccardi7g,vnlICFSTxPlX
aharfoot7h,btKYZyOyZf0
ehawson7i,Rlr35ReJ
mbeardon7j,b6BHddFWD
wdewey7k,o2mISC1rEQpq
jklinck7l,fbCrvMvFmrH3
ialdrick7m,ojMIhwgC
bsinnott7n,nZUHmBCT1
skeoghan7o,mqXwX1rn6Lh6
eshallo7p,hMmZYmLtt7KZ
docorhane7q,FRPFtJP62VF
vlukovic7r,mmEDV3P3Xd
vdreschler7s,RoNa51O56
kcressar7t,1uDNGVzHQy
pbaguley7u,wMlfa3
cclyne7v,UoU0wIA
randrioni7w,EpNccALeop
vife7x,S4pYXOvu1p
tblaxall7y,Tey5WL
bbarnwell7z,Q1aTdqsx
comoylane80,OGahsQP5e
jpersian81,Q7TZOOKpg
nmuro82,VvPIky2JO
akimbrey83,jgFLm76x9FOR
ctames84,ob1rqdKlPWz
msainz85,vNAbxz7iGHg
ebadini86,C0L1c34SKl
ymcgreal87,LcWoTh
cbrimner88,sokigALyuc
hkeyson89,pPjGIpK7H
achadband8a,5sOJ9nf9h
magar8b,OjPt3o03U0iY
umacguffog8c,zKvhL02Itc
friccioppo8d,zLkwxn
jacarson8e,L3Mv7gdDQVzt
kbaughen8f,OF9RjBPcHNz
sdacre8g,e7DwtXAK
rtimperley8h,au874hs
hpoyner8i,oXNA8B0M4
akeer8j,jPqCSE7HyUT
gbus8k,YahdOxUnQ
hdacres8l,PBI96OKy
lturone8m,rd4zDUz2w
dshipley8n,2iCoGE5KO
pkiltie8o,84LlL1x
ahackelton8p,aXzBDzc
gmuckle8q,1M5ua8A19
akinchley8r,ZcjWgUE1EIhx
ffallowes8s,DoIZoJ7j4NJW
cmurkitt8t,FtnbkfD1
lrozalski8u,OHc2zcGZOk
ahousbey8v,1RnckCUS
mbrydson8w,ZPLIZXaDbakS
lgratrix8x,7mSCui
wdukes8y,h3qFGmzondf
lemanuel8z,Tk5KBbF8d86
omatterface90,3Sb7InQwjqt
wgiacomello91,LVIf6kd0GHjD
mbalharrie92,l3P4dfUjr98
cbrewers93,0wszDn
mbracey94,vJNx8pu7XZFl
lwollen95,8oDndxHK3KzU
sraddon96,RXi4htUJR
gcecil97,vtsVd1Kg1CVl
bconlon98,gv4DvIss
gmcanulty99,65BvitQJOqgr
kprobey9a,w75GaRdf
bfowley9b,xrcFfOrkwtr
fjouhan9c,Yvcx96ymL2sN
fbatte9d,dWLmXZFqJ0R
estolle9e,I7mm2qiHKi2
gtewelson9f,X38XRb1TbUo
cbartkiewicz9g,M2reuziy
rsheilds9h,YnxzsugF3kx
fpavel9i,Gp9SHE7
rbrenstuhl9j,R2rUyTZrkJ
jsnazel9k,MMojUCVBI4
ccases9l,E6f60Y1Z4s5Y
jginn9m,TEERg2U9P
bboatright9n,kvTnaAQ8pV
fhartzenberg9o,PvGaItbbXJJs
bcattenach9p,cWX4UiBMby
deliez9q,U3Y3bYLeiZlO
hsimonsson9r,nw5SA4eg
vleftley9s,ctpq1ZT4iK5
gwhyffen9t,NbXs7Mcq
dladley9u,KSzrjSDxT
mcroix9v,lza3d6hpGp
nmant9w,OL2g4r
rsallowaye9x,BbTCd26npmE
zmacias9y,JVGEiac2o
pcissell9z,Fnj095vFq4
kbena0,YPZKMtMYyZ
ofleischera1,bKNPj2m31lmZ
kvelda2,zovpFrHL48xy
joldlanda3,x8f8KpSY3AoK
afarleya4,zQv9Dn
bfriskeya5,mT6EM1g
eendricia6,43x12x0fYqIU
dskyrama7,7IqLcd
aiggoa8,EgeGYrLGVx
ckillicha9,9vR4Bn2H0
tsiemensaa,LZZbbqX22
bhuskissonab,XSEYfqj
mmcowanac,gzWbp0
acaccavariad,dUMbANTbB6t
pdakhovae,3AC7RZnwLv
ajannexaf,74uqxgN0
bmcallisterag,ne1dABtkfU
adambrosioah,cVE6kg2
rreynoldsai,cKMc43V
jlowcockaj,JlNF5mvjrzd
bchastangak,UgNKiX
adisburyal,6TYlYVj1BT
cheavensam,86W2U8s
vbaxstarean,fiDpHoJS748z
lingremao,XedbFr8mN
ojuddap,lBNEuZW
ikenwrightaq,uqEQWugpL
chaskaynear,YqkixDj
csawyersas,0oB4du
ekestellat,Y9GLnSPsK
mplayerau,krZoASg9RfTJ
ggracewoodav,HkgiBEgfqw
wbabalolaaw,MlWYmG
apiddleax,bk69lg51eVr
oallwrightay,tTx3rQE73tLQ
dchatterisaz,MmjwUC
dmatteuccib0,RlujJBXr
eportisb1,QoDIvV
jbennettb2,HUEngnuh71h
olangfatb3,iyDhsjX
lpennab4,OWqQM818LzMx
sjeandonb5,rJ9DgSwMha01
kseldnerb6,qzNOtW1Tc
ebouetteb7,J5x9r2VIW
dtrappb8,rQGu0ufQE
sledsonb9,Mz2qn3cL
dworthyba,8w9NHhF
acowderoybb,mEcHlR46DZ
ngravellbc,nv1koQYcOZ
vhehirbd,5UXUcc9uAx
jselwinbe,zZ0Nl4
mgrangierbf,YeRtO4sIPnM
pcalderbg,hqxHhE
mdallonbh,MmwJjd45pC
gkhomichbi,rnGIMWtv
lgrishinovbj,1M0fLAn2WXe
sgaishsonbk,F80cFyGDsjyF
ljandabl,LQDyYc
alindholmbm,iwWRN5J
jbauerbn,VQnBMH4
thowittbo,Um6jaLlWbzSK
nmattityahoubp,WYkhLb
mspiniellobq,TxgdafzScxyD
aholtumbr,1fGldlgnMyk
gmcgruarbs,4vK900fynm
kyurshevbt,Azw7nvoB
fgilmartinbu,rIJdAGx6
mcoullbv,okXlbr8AbKg
laviesonbw,m7Ad86bpXX
jfoylebx,Ei1y3hSpGG
nfaulksby,pIYPtodRE
jstanderingbz,rO8BEV4xnqbR
awilcec0,X0hpRBD0W2d
apaoluccic1,c0viSAC8cd
mpinsentc2,Zbfz7U
mrushbrookc3,u4DXSSaxaPA
jearlesc4,V69EAZNMf
moranc5,VNNXCI
rbonasc6,LICsyb
econgreavec7,UcpsNzU0z
fmccaddenc8,dDqkpTO1gHJ5
caveryc9,CocsahGuimeS
ndehnca,C2Hs15
pastincb,HOoSsCz0V6
askaincc,icwb3ldR2
gmcpartlincd,BBPcxHgjKxSj
pfrenchce,7ckVjmgAi
jthravescf,zPkdU6
epeekcg,QXNlTE
jbrandtch,VvtHq08jy
cpinkneyci,s81eaA2a
kgidneycj,DHdY7vdU
wmoncarrck,l7ZJHPxa9
pobruencl,YAfMiCJFDz
tdavinetcm,7t2LaNC
aedencn,CHC5J3bxoIZ
chamnerco,Hq4gDx
ggarriccp,nURYUUi
ssnuggscq,LpKWrDFVv
tkelemencr,OVqYKHOR
vdriffieldcs,OKNhyrhgF
nstolzect,QHjgnrr
gwarlowcu,5cgnXLsr0
bcoomcv,WzWbteCT
kstaveleycw,EnjZh4F3
rlechmerecx,3lgB1R4
ecaulwellcy,zigJUnSsLxX7
cmcallistercz,LvBP8Xuh02u
aharmsond0,XOaDeWPOyLs
sbroadhurstd1,M9pXjAz
saveriesd2,5TQ82VLm
sclused3,Vqmczh0C
adesmondd4,LAahaKd6gArK
btresked5,iMkJzSW
opristnord6,SJW5dVyySg9U
cchatteyd7,OZU8Bl0xp
ghoundesomed8,70rhDo
spavelind9,tIL7BQIB
dfarrinda,GYNSRAYc7DjA
bmckeondb,4nJzNm0
geasondc,GVv5QqQn
kpaulindd,2fvrJxaU
klassellede,d0ledIGm
cbendf,3VDcLNpDL3
dstanettdg,5RaHV8ewSsh
clindenbergdh,o3x8yTADTb7C
tmurieldi,bYVJhX
cwellingtondj,yGXf2onB6ns
pwickershamdk,WpskEifXCl
pmerceydl,A2ATjZBAw
tphinnisdm,ldKqU9
bdowningdn,SsdjY8s
glakesdo,4l2MAF
ifletcherdp,AtwGOh6aRHG
gvaughandq,pMGgokLpI5
ascurmandr,2G6nkES
shodgonds,z5PDwF
pkinsmandt,IobVF38Xu
fschirakdu,JVIjeTiquxq
lemblowdv,9Sf35whPyL
ttapselldw,KPmRNnINY1
cburkertdx,uosOIOX6EX8N
gballindy,LSR0AjgG
tcraisterdz,ZftaM8Xosl4l
jpitkine0,RIEXiOp91
fyersine1,n5VRA2GkLNR
dyesinine2,CIR1QZJ
smaplethorpee3,olZb4pjn5
tkauschkee4,A7BTcnVh
kshorte5,Dj4LZEuSf9f
qslemmondse6,3une23ZP
ksommerscalese7,szq9cE
dwardene8,bFk3KZ2tR
vcloughe9,ua6YXLYeyyCn
jphillcockea,oPNkLOZucNM
vwhetsoneb,NS52rCLMJ
vqueyosec,ksfRzlK6sx2
ohelleckased,4nnWc8XwsC7
osarsonsee,7bEJhn
ajordineef,LCDoOnTC
msokelleg,WPXTgtM3o13h
hperrinseh,po1ZbX5wE
lbunchei,opOLHvTnPpu
jborgesej,IV8Hyoh
msprasenek,OszwoFZQNg
mtockel,YuEUV0ASjOd
bkuzemkaem,3z53rcWpVx
mcrepinen,R5RsITl9
lderdeseo,vuRiZt
jeateep,befdJG2eUyH
ddugaldeq,qsmxZ0nmX
mswireser,xhWLSU
gbeekenes,A9NfEpuhvwU
clayfieldet,DoUatHFL99Z
whardyeu,NMNwDIEo
bmolenev,xbK3mYHp
ncunnaneew,NA8Y7Iv3bK
jlefridgeex,hvJzz9
mgrimestoneey,8oJdTLusQj
lszimonez,nWJxfy
lduckwithf0,DPhe3vW
mroffef1,OOlIHDXm
vboundyf2,pdxu5Pz
pgatmanf3,DHwzaZz
aransonf4,wPAcbh
pbarkasf5,rjZfmUs
josesnanef6,x3UVpbXNGF
tstokef7,r62vzJ
ganelayf8,7RmL1DIhhD
hwindf9,57WXap7CK
ajumeaufa,5bXggdjCQsop
ssorofb,PX0fB4WPo4
dprielfc,ZtZHrLNVxA7
lwhinesfd,msef9ioNU8zR
dhewsonfe,9fgeGxAXm9l
stowrissff,Bz6bxMA28
fsheafg,12qUKRA
wbrookerfh,kGHjp3RhX
beveringhamfi,uRgYlevTl
kjemisonfj,684xMHGtUg2L
ktestrofk,UsSHYXzMU
rmcqueenfl,DBXDaHI3MmBc
gtattonfm,xxX3q2cxt
nfogtfn,ia7mNP
mcrouxfo,yFvkIHGVWB
kclimiefp,gASQp3zRRz
bcuthillfq,g4WQE8GbEDq
egyppsfr,tteROUr
mbramwichfs,IBgpxPtbo1Ml
soakft,tmxKdX
gogarmenfu,SjvetYRj
gciottoifv,q7RCxWaB
aattackfw,XHAwMIkha5p
sohairefx,6zzadTmgUoq
bsaerfy,5MCCtrf33I
zbowndfz,ea9bCt
gskyppeg0,3pWXQfr
kdanisg1,kncNgu0zh1
pwillmoreg2,L7YbOd6F4lq
bdyzartg3,h1W9w6BcoQT
ptrenemang4,SU79HDe9SP4
rwhitewayg5,pnog2v
ndaleyg6,XiLdUvznW
rtullochg7,Syn1FEPK
efranzolinig8,Us6T636spo4I
ldroogang9,gkWN6ZY
jquakleyga,q37uE0ad0
hstroddergb,UBsoZdhI
akirschegc,WuRxoL8prhT
rropertgd,mG2xUZ3El
fbenardettege,XSZuDx
sbachelorgf,d3hVZuLc
dhuffygg,Kje3xD9uYJK
rhessaygh,TCLrV8CKT
dsimakovgi,DCFWbQDjQ
gmelpussgj,nJFAvvPwE
rtomblingsgk,umoE3Rqb2kEC
glavingtongl,Mhr5NEcx2UU
edaftergm,AslHjej87aPu
sgrisardgn,9brqt65eHItn
rlistonego,oC7MhIGG72AF
msiselandgp,mzDzgX6LVG2v
ctarbathgq,1E26ZCpZp67m
jmcgonnellgr,EEvgXIDMDBAB
dsimionescugs,zsog18FXPE2R
zhallowesgt,SKXBWw
clyddyardgu,Qu1zu33k2Pbe
ogainsefordgv,RcYFCQTPgM
eseerygw,Zu3kwu8qr
khastongx,AiRBBAuq1D
ditzhayekgy,q3FVT8qfUxrw
fkindergz,zp7m4nl
nbassonh0,QtGKB1yaADS
talevequeh1,SMToz072Tpb
sbontineh2,cBADLTKPBJfi
ktraseh3,1MjhOv886
bvinsonh4,8cUVkxy
rduddinh5,x8HhxUot
boatsh6,Q1qgkJMwEpT
tcarnieh7,YzzSqIuXrE
remonsh8,1gxXtZ
fmilvertonh9,YueAvh
cneashamha,2Hz7hlo0IkE
mbanathb,BRvXJCVTW36c
bbrockinghc,bsmyvINLe
gsparshatthd,OpCrRa3Nm7
splailhe,SIo2oTrB
smontforthf,oIv4tNV
glammerthg,qkeyEYiq2P
ydowshh,jphPZr
ipieteschhi,45mxYk
baizikhj,uUB4cevEw8i
tbouttellhk,VgLJ9wNmvTBg
jperkinsonhl,GMpEIU
qcalladinehm,1ooERHG
etanzerhn,7AxTIoVQVhSh
bmintoho,k6CS7wgXJOK
jissacoffhp,qBEltqJB5I
eskitthq,iOmPNG5rEV0v
cbaldinottihr,vJmJzTngCOX0
ddemalcharhs,L6EEql
pripponht,ciNosS8v
romarhu,sERdFWX
ngelardihv,CI6HPbv3
rpurcerhw,RezWyOrBxtb
lsurmeyershx,aHn4gHfmFz1
kmccuthaishy,87U3WaGCya
acloneyhz,xL98lTOB
tisackei0,tb2QS4H8yH8
dcoltarti1,ub78vLW
tpracyi2,aEM3s5N04w
lillemi3,smo9IAG
kmatchelli4,HFPjth
adisleei5,8jFikUn
cyakebowitchi6,U0ErzqnVzDW
scurtoysi7,WjXxBHmzL
odefrancescoi8,494YqzO
fgumaryi9,rGJQtk
zfifeia,UfMbTJMtVr
kfuncheonib,qmT2QJ0bt
fsmitherhamic,V7M4SCv
hzecchiid,DbKfhw0moD0T
dpylkynytonie,hxwk7hbG2kf
ttemplmanif,1jPUsPtL
jcheekeig,4H9dOEJ
mbelsonih,FBetdahdAJOa
pcrowdsonii,8C837k
aseggieij,9Sngg5Fh9
nalwellik,CStOh8
eorreyil,TfCc4lXKa
eparryim,Eg7PLKqcsqp
mbarrowcliffin,CSaWalORP
avasyutochkinio,VIICyJn52
athewlesip,manc1a
ashellumiq,LUCjLwp
zmalebyir,xYt8Vz
kwasielais,6lenfB1u2WH
jguillainit,lZJgmkys9qPy
lipslyiu,dxUSau
msoaneiv,K5sT4A6ZP
tmorridiw,DxSlTK8Wf24
ufunnellix,IZETwKQ3cZ
ncrowiy,jrPdqtTQ6VFs
dgleadhelliz,ZvtTJQX5l
cbysouthj0,yiDXN2
cblasgenj1,Rg78OxQfEcF
yrisbroughj2,5jQmXs0U4m
aingleyj3,77avwu7
tnemchinovj4,UaSX2Itln
dredfernej5,CRRasFe
rwetherellj6,axwDYV
cjerromej7,HBVRIj5L
cgrillsj8,Q8lHeu4h
cpesterfieldj9,u00rOMWsyI1
fmacshirieja,0s6ljRBDa
gaugustinjb,5oFz0CdM
tgiovanninijc,qTp7OJuGut
dsantorinijd,i5Yy1l78
sbisphamje,tMVYaoXN
vdimberlinejf,j1xwKE
jschwierjg,RyR5PudFf
charkenjh,0vlUWsNqnKb
mstangroomji,33C8CM
cmayohjj,8dlrgz
npeasgoodjk,9miYKI3
dferandezjl,r1VFy4XU5
jmaltmanjm,zgietwW4ia
bpencottjn,jo54wEQbrS
ccannavanjo,dAuLRcPjRX4h
sshilitonjp,wglGYs3U6S
akolyaginjq,6jSrHY86xMD
bmccawjr,Pi0WX1
acasojs,xcbrLJathdK
estirleyjt,OUibWXBm2e
fshaddockju,oz02w1Aki
jpaulonjv,pYAnyROHg
nmcbeathjw,ENygWb4hOP
gpeepalljx,K9GERAoG
tbuxamjy,TZ4gzG7fk
tsurmanwellsjz,qsiC5YrWjT
mdanilchevk0,ta3Z1z
amcclymontk1,hMuv8oe
kvogtk2,3CW5EO2
wglovesk3,5Bi43D
jkildahlk4,lU5gZ7l
ciacoviellik5,6dMhOKrTh
dlongmeadk6,ez0z2bwKYU
lreinischk7,AigHC8jfx
lnodink8,HtVayV
kyellowleesk9,M5HwBHi
adewettka,r4sbY6Qom6ye
thewlingskb,kF0IY9
dmckeaveneykc,Ch0NSV
kpowderkd,4syCugW
tsentinellake,W4m0LDjv
bdennerleykf,XyYqyfKjR
ohansomkg,0ALjNgGe
gforringtonkh,sfHdaW7qLHR
rwarrinerki,IgEu2Ws
lhunsworthkj,HbSqdej6
wskeldonkk,kf9XMCZ
ikeninghamkl,bsZVGoBsvz
kkuneskm,qlYb5Jfrl
lgeertsenkn,DxOkrU
akendrickko,zvJYm4X
prizzolokp,7LW9Oao
rblanquekq,5vKX753RV3
jbompasskr,4iemdbVRq2
tjahanks,5SnOvmoTmM3
alemmkt,wH5olbKh
ghubbuckku,YNecMDfAZ
csausmankv,ifitZUBH5Gn6
ahanbidgekw,Ii9ss6ltOaFk
wdancerkx,oS3jRs
mmitrikhinky,KPICyQkK
egamesonkz,decuHPZ
nsecretl0,paPvx8
xschouthedel1,NQHsFvnT8hEr
hkaasl2,8W5eIO89
cposvnerl3,HzFaK3d
smccalll4,jpmD4Vd3jj
omckearnenl5,r7qP3FZqdw
lgoodyl6,VguLQFW
bcowderoyl7,cXY3FHQ3Td6
ebestmanl8,YGekC7
mnarracottl9,2MgdPkyni
agurgla,R3HtbZ6fg
gmaxwalelb,GueVUr5sSx7
ccaldecotlc,oCfkkZzX
gplowmanld,JZ1r62aN
cwestburyle,FBEk5pSpNK
rchalfontlf,2zJMcWL1
lwhistlecraftlg,cLMfNxXFQsbN
sgiampietrolh,D3PngTaisNof
dyegorevli,3nNr9QP6
psurcombelj,f9wnZKy
jokilllk,qpVyVM6EZd10
ahambeltonll,OQ5ooduyg
afominovlm,3ESazRadJt
iattwoullln,DJX0sZxrzTs
kumfreylo,zW64syp6lVB
vkinghornlp,AOPGoD
kdavidovichlq,5WDrL4yEIK
ukielylr,tPViwpfpH6nz
ahenkmannls,Tbo7Vj
jbuckleighlt,yTtJO9vTpS7g
tpoytresslu,NXTKfWnk1
gwhartonlv,8qdFg77X
fdarkottlw,6M9uJs
lmertschinglx,VT2rcgC
dharronly,8OR0lC
lzolinilz,96s0JA
shardinm0,Lvhq9ve
aosgordbym1,1nlMuT3
dtanswillm2,LkTqqGDMX2A8
gseresm3,oRrPtRu
lettym4,PHCpFKrQp
eestem5,Rgmk2P030qkD
gcarvillem6,KHjTqNP
jdeangelom7,IK3RfopcYEX
wandoverm8,93zcsW
amarvenm9,0GmUAalE91
mastillma,N5xH0W1yyI1
fmeltonmb,e8OjOn3
rlowndesmc,XroXCB4EY
rdiioriomd,jW4tY0bU0
rhanveyme,gutT2xw
tbraundmf,l8tfhn
hgeesonmg,39Ps1JO
nhuddlesmh,8AmiBXnxczBl
ajentgesmi,ewymScXGSn
macunamj,wpplX7Lav3i
przehorzmk,rPuaG0
calthorpml,qzkVUhe4gcza
grubkemm,U09mRKkMK
bcharlomn,2HlFIxi1
amottrammo,qMeZfRw
hburgotmp,y7dy3X270s9V
lscotchermq,31Eo1ArkHxi
mallcoatmr,dU6kIcw8
cradenms,sBOYH0YQFD
wriddelmt,NQpHloYkUH
meddoesmu,hbmP0YA66yqu
nbygottmv,DSc5OAYzXVU
thargeriemw,qbOWSYsy
kseppeymx,FMboyq
jlassellmy,qwFAJh1
ckrollmz,uNlPrm0
bmaccostyen0,GMIv1Lo
rseefeldtn1,Uh8snDEJe4C
rgoldern2,KrM47iD
ccurdsn3,uFPh175Ii
rmiltonwhiten4,wndRGB
smorradn5,UG9i21
htraysn6,SPzFYh
valeksichn7,pGjNHJPv4Ebw
adoogn8,GB1fxvt7k
bjaszczakn9,Go12F2
madamoviczna,70tNnh9
rscopesnb,DrshJ3pI
egiacomuzzonc,AkH8Zh
icissellnd,SwUlRSFD1
nbeverleyne,GCxPCK0gNmE
cbrusternf,6oaNbv8k
dmuddimanng,DDUDPWPxrT
cbladennh,Xm0yiES
cjaggerni,Dv8DEsN8
epiegromenj,ZlfnPAQGxy
estannersnk,lu5uuuKPT
evanderhoevennl,I6LrUv1c
atrevorrownm,wuQuEmF3jS
aespinelnn,DsHMLRHc
marnfieldno,cUJcNebJx2
vspurryernp,12NlQeXeHwDl
lgauntnq,2VL4MOb6gafF
aabramovicinr,nfPXKZT4c
jspragingns,JDz1jJfc
eellandnt,hhLSmf2
cgreghnu,SRGHzpg
aantoniknv,99EGp6IxE
dcawthornenw,DdO00Iw
cwadesworthnx,dHPb6x
fadolphineny,S68Rn9EXxFAy
dchatelainnz,7DNbamT
sconeyo0,fnwQm3O
hoglevieo1,niOOrNuoFiF
pfossicko2,LqNZtq3eTNeJ
ebogarto3,nkivKakc7g4D
ccantoro4,DT06Sobxv
lfouldo5,XoMcGz3e8Hu4
snisiuso6,lm8r8HedZvLj
ngauleo7,HN55fgfs
asimoniteo8,MuR9pL08jYv
etingcombo9,GdGd7sG8zS
lsoanoa,sUMUCDIOG
lguildfordob,yhsA5ivvfB
awilmotoc,rk3ZmH
hspargood,D6Wdu5
cstoiteoe,Ds6QaaOLEC
hbethoof,r0pIS4AANp
whornigog,zIsyHp
epoveyoh,ZvBUd3Kbvn3
dpaleroi,nu064E7elJ
cjansoj,e4pxmvx
bsundinok,zEEMcXHIGu
mgrimblebyol,5iTHsBm
probertelliom,LQRF8p1
afaithornon,YskBG9hjzJfl
igoldingoo,1w1oigo
ojammesop,uqhLXHsqWcB
mcaldairouoq,Ee2bbbCEw
nwiggingtonor,tihOOEJUTYdQ
mspauleos,QCsROCi
mkopjeot,1aIkJ3itfd
ppirouetou,ZT72Zrw
bsendleyov,7xkjdEx3so5I
acogmanow,2XybAHc
dlarsox,kkv57b
dpolinioy,DBf2nYx1
mcrightonoz,rEIZ2n
wchilderhousep0,cD5PpsdXz
drupkep1,618krtcC
cbarleep2,OP8E46wl
aaggiop3,BB0ZBzfU
bbonnickp4,Zf2UloDuMaO
kabatep5,HxupYDRLP
ballwrightp6,WQy9mdH
mwaggep7,EGqAblwXho
mallansp8,OA0f0Sg1plv
rsleggp9,MBNs0jybwo
cpenberthypa,eGUeis0z
ccominipb,KfJcJm
hbouzekpc,gn0iDpESxm6
dmacquarriepd,87ofNXj
meayrespe,qgwbYWToaBs
fherionpf,N33613ehj
styrwhittpg,e8jXzIFXZf3Y
gmallockph,Qqkm3Etxnz
rwornumpi,G5pMqcTc
tcavypj,HaSiMqoxsp5
pburbridgepk,hZdnMaqhvudh
atownshendpl,hF8CWyb
gleatherlandpm,phIeTax
bjellingspn,VCmSnWBoHB
jcollpo,VktfPMx3jI2
agallimorepp,AYpXNqh99
sgeavespq,VIXmTMNRr3A
ghubandpr,D6AqJj0Fi
bboasps,1pzOEfdzy6Pj
mkingzetpt,LsI2nzZiB
sleelepu,0LowQBgrOUi0
akrystofpv,pQSwSLnkr2s
cannablepw,sDodwD7PkJt
dtrimnellpx,9SoVimdf6i
bboyespy,hOvSeDlL7o1Z
sjouningpz,UZtE6c
rmundeeq0,7wsO1r4Est
fcluetq1,jbbIXZo
egrellisq2,TykckufPJOyv
jinglissq3,KtjYuw5
ddefriesq4,d1TjH84hGm
fdoughteryq5,KPtuinGe2rP
mverryq6,MYg9bx4wvyB
jbassamq7,W9GVtOWHq0
bsheachq8,2CUluh8LECuQ
ggoulbourneq9,g0Z2HfWp
bskarrqa,Jk59AbTen
amaskelyneqb,dI0cCEJGW
nsertinqc,JjKZ8T9Bm
jshayesqd,6XBcO4mI
jbiddissqe,zYhNlkPE
stenbroekqf,WEiyvGFxh
spomeryqg,3Dc3b021
lsemmenceqh,AhLKbZPnyRF
gmattiacciqi,l5GzDYAfP2sP
cbachmannqj,gMWrp2zEr
zquittondenqk,eY9Biyku
tbubbingsql,DYy9hGJwYy7
kduligalqm,DnHaQWXQ
rcraigieqn,qV2KhWKHs8n
jbolingbrokeqo,c2x2OFvT8
rnolanqp,9UmwpN
tcortinqq,3tZDBBS37O18
csobieskiqr,jyexlo8l
tkurthqs,78lBxfU2v
lcarstairsqt,TwVtFsA
rbowaterqu,JddL9TC
dcusickqv,ux7CUK6
clatterqw,sdbDN0s
mwildeyqx,W8OGTW7gu
jdelacosteqy,8ona5ne9LP
bdaelmanqz,42VglH
sfliegerr0,swGtTM1a6Av
rrudledger1,ruNl8q4
sgoaner2,kVsvPb
cpimlottr3,nHFFJcQ
wpummeryr4,bMqMPdxj
lvanoordr5,AZN20XUKqQ
vscullinr6,uLKJFPYVj
vlemarquandr7,W0zEHfqk3L2
agallacherr8,FpCFtWB6wgV
ccrumbleholmer9,dqtdOO
rkennerra,0vOUQgc10
jravenscroftrb,84UdXi
tbisgroverc,cgpATIdz4WRX
rdurbannrd,FxzG1fk0
acortonre,iIiuSOUDT
ktibbottsrf,lhheEQ6IXBN
rferraronrg,qpuQvKoorAVt
sraratyrh,U7iyE7a
nescottri,N3YpeahPcAK
aogradyrj,e7k4ACW
ccollensrk,n7HBxojpwxGv
rgillattrl,PDSEJUJRGT
rsweetenhamrm,W2guejN6LKLB
achadwinrn,g23TnOuU2
evanrembrandtro,sPK4SN6GwdP
mcarlinorp,bOdwSCuQk
asoltanrq,eWrcdAJXG2g
rgoudierr,nITngkyAd
