Male Name,Female Name,Regional name,Regional Female name
Thane Norton,Olympia Farley,Cadman Norton,Serina Hahn
Hu Walsh,Rhona Underwood,Reese Rodriguez,Jessamine Britt
Cody Byers,Larissa Hansen,Keane Fitzgerald,Sasha Sellers
Hamish Burgess,Yvette Acosta,Wylie Hickman,Carolyn Whitfield
Jerry Frederick,Kiara Best,Dalton Olson,Adele Morrison
Buckminster Hanson,Jacqueline Benson,Cadman Garza,Liberty Anderson
Dante Mayer,Kirestin Vazquez,Xenos Hays,Zenia Harrison
Declan Mcclure,Lois Middleton,Colton Bright,Eden Wilkinson
Nasim Gray,Maggy Howe,Garrett Bowen,Madeline Mendez
Drake Wilcox,Ingrid Fowler,Dean Goff,Lynn Dalton
Valentine Sandoval,Holly Mcintosh,Edward Blair,Anika Dotson
Howard Lamb,Naomi Swanson,Scott Jensen,Aurelia Craig
Jerome Davis,Serina Baird,Andrew Garner,Alice Gates
Ray Moon,Inez Hudson,Jasper Saunders,Sonya Pate
Vernon Keith,Aphrodite Taylor,Dominic Fry,Patricia Dotson
Gabriel Mueller,Gillian Hartman,Donovan Mcfadden,Diana Richardson
Hunter Becker,Charlotte May,Norman Doyle,Ava Powell
Burton Sherman,Chantale Pruitt,Amery Gates,Bree Ward
Jerome Mclean,Kimberly Barry,Bradley Norris,Hiroko Hewitt
Aidan Patterson,Dakota Duffy,Philip Lester,Nelle Richardson
Raymond Hunt,Quintessa Hood,Lane Sutton,Claudia Workman
Dillon Cleveland,Frances Strong,Walter Owens,Rowan Pacheco
Dorian Love,Jessica Gentry,Sylvester Lynch,Wilma Schneider
Fritz Merrill,Eden Clark,Colt Giles,Isabella Jacobs
Jason Powell,Janna Carter,Tucker Hurley,Deanna Atkinson
Erich Russo,Leila Trevino,Macaulay Stafford,Scarlet Barrera
August Lee,Dominique Barnett,Plato Gates,Kristen Boyer
Alfonso Howard,Lee Rasmussen,Ishmael Albert,Destiny Robbins
Leroy Gibbs,Ora Bridges,Flynn Serrano,Carol Oneal
Gary Caldwell,Raven Kemp,Dolan Gregory,Nicole Howe
August Mccullough,Macey May,Felix Maldonado,Rosalyn Stewart
Leo Barrett,Pandora Whitfield,Marshall Love,Hedwig Hines
Zane Melendez,Alfreda Roman,Brennan Rodriguez,Blossom Monroe
Nigel Butler,Charity Moss,Honorato Lee,Tanisha Newton
Erasmus Bowen,Oprah Shaw,Bruce Hensley,Patience Snider
Chandler Serrano,Molly Rodgers,Elton Sharpe,Helen Robinson
Rajah Garza,Marah Emerson,Hall Fisher,Erin Hess
Walter Conrad,Kellie King,Russell Solomon,Avye Clark
Fitzgerald Payne,Adria Combs,Abbot Payne,Kai Eaton
Luke Hensley,Nell Porter,Ezekiel Stein,Angela Shaw
Gil Vega,Grace Murray,Deacon Ortiz,Bianca Massey
Carson Byers,Idona Clay,Victor Fox,Audra Moody
Vincent Maynard,Lara Garza,Dale Phillips,Meghan Skinner
Chaney Flowers,Kaitlin Tillman,Nash Shaw,Illana Robbins
Gavin Beck,Constance Figueroa,Mason Ashley,Amela Hensley
James Vincent,Uta Greene,Paki Waller,Cassandra Bailey
Henry Sandoval,Justina Valencia,Logan Stuart,Quail Roberts
Andrew William,Carly Hess,Emmanuel Davenport,Abigail Calhoun
Ferris Stein,Echo Blackburn,Vaughan Kirby,Lacy Albert
Amery Weber,Imani Frye,Lamar Knox,Shelley Bush
Macon Joyner,Maggie Colon,Harrison Hobbs,Eliana Miles
Ezra Peters,Dara Monroe,Cooper Clarke,Hilda Landry
Carl Mayo,Athena Trujillo,Jasper Hansen,Signe Mccarty
Raja Gilliam,TaShya Mcintyre,Ira Welch,Heidi Love
Louis Palmer,Isabella Mcintyre,Beau Nichols,Sage Sanchez
Gareth Payne,Ashely Norman,Kareem Ballard,Adrienne White
Murphy Franco,Lael Kim,Avram Stafford,Kameko Alexander
Burton Allison,Angelica Gomez,Colorado Clarke,Martena Duran
Keane Freeman,Savannah Griffin,Joshua Cleveland,Rowan Donovan
Micah Hutchinson,Maris Warren,Denton Mcfadden,Ginger Cervantes
Callum Luna,Ora Vaughn,Alvin Hancock,Bree Vaughn
Eric Pennington,Jade Crane,Sean Alvarado,Nerea Leblanc
Dexter Keith,Calista Browning,Odysseus Reyes,Brenna Singleton
Merritt Walton,Denise Dillon,Ezra Blankenship,Ora Macias
Ishmael Schwartz,Felicia Nunez,Hamish Howard,Bianca Wood
Garrett Kline,Raven Schwartz,Colin Curtis,Kiayada Mcleod
Ezekiel Petersen,Daphne Wagner,Garrett Taylor,Imani Juarez
Barclay Everett,Sylvia Frost,Noble Delaney,Kimberly Love
Alfonso Hale,Ifeoma Cain,Zeus Douglas,Nyssa Velasquez
Grant Watts,Madonna Riddle,Logan Chapman,Nelle Nelson
Tarik Murray,Sybill Dodson,Erich Love,Chanda Rutledge
Lance Rosa,Lenore Mcbride,Chandler Wheeler,Daryl Stevenson
Mason Frederick,Leila Ingram,Harrison Blackwell,Quincy Gutierrez
Noble Walter,Blossom Mcneil,Raja Olson,Ingrid Fowler
Xander Cooley,Giselle Roberts,Upton Buchanan,Jane Oneill
Leonard Velez,Jaden Drake,Amos Hyde,Taylor Odom
Elvis Wiley,Montana Harrell,Henry Crane,Kirestin Bowman
Nathaniel Sherman,Ruby Mullins,Wesley Kennedy,Shana Cleveland
Daquan David,Rhonda Horne,Robert Franklin,Emi Barnett
Hunter Benson,Lysandra Huff,Oleg Atkins,Germaine Pitts
Jerome Strong,Mary Barton,Hamilton Blair,Dana Valdez
Mannix Faulkner,Lydia Norman,Cole Valenzuela,Imani Mcclain
Buckminster Mejia,Kathleen Hyde,Warren Curtis,Clementine George
Barclay Everett,Jaquelyn Wells,Melvin Weaver,Bethany Palmer
Gage Ferrell,Sade Walter,Quinlan Sloan,Jayme Blackwell
Harper Noel,Lacy May,Holmes Rodriguez,Tana Preston
Neville Wiley,Maya Copeland,Camden Yang,Phoebe Sullivan
Ryder Christian,Bo Harmon,Warren Quinn,Gail Navarro
Amal Dotson,Lila Walsh,Jameson Mejia,Fiona Phillips
Jin Nielsen,Emi Britt,Hoyt Tate,Celeste Bailey
Basil Erickson,Patricia Cleveland,Marsden Crane,Hiroko Durham
Steven Clay,Catherine Colon,Gareth Ware,Jessica Townsend
Jonas Larsen,Isabelle Buckley,Phillip Gallegos,Miranda Garza
Rajah Estes,Jada Short,Lewis Fuentes,Xaviera Gallagher
Ezekiel Winters,Anjolie Beasley,Alden Rice,Jillian Stark
Daniel Baird,Sade Hoover,Noah Spears,Brielle Gould
Alvin Garrett,Irene Rowland,Jin Munoz,Jana Strickland
Elvis Fitzpatrick,Quincy Frost,Stephen Holmes,Demetria Noel
Herrod Allison,Raya Short,Laith Allison,Aileen Stephenson
Hyatt Anthony,Ifeoma Forbes,Igor Mclaughlin,Uta Vang
