Customized_d,p_code
America blu CUPS 1CT,ABB132
America Grn CUPS 1CT,AGB132
America Ylw CUPS 1CT,AYB132
America ORANGE CUPS 1CT,AOB132
America PURPLE CUPS 1CT,APB132
America multi CUPS 1CT,AMULB132
America blk CUPS 1CT,ABLKB132
America CAMO CUPS 1CT,ACAMB132
America TURQOUIS CUPS 1CT,ATB132
Panama blu CUPS 1CT,PBB132
Panama Grn CUPS 1CT,PGB132
Panama Ylw CUPS 1CT,PYB132
Panama ORANGE CUPS 1CT,POB132
Panama PURPLE CUPS 1CT,PPB132
Panama multi CUPS 1CT,PMULB132
Panama blk CUPS 1CT,PBLKB132
Panama CAMO CUPS 1CT,PCAMB132
Panama TURQOUIS CUPS 1CT,PTB132
Swiss blu CUPS 1CT,PBB132
Swiss Grn CUPS 1CT,PGB132
Swiss Ylw CUPS 1CT,PYB132
Swiss ORANGE CUPS 1CT,POB132
Swiss PURPLE CUPS 1CT,PPB132
Swiss multi CUPS 1CT,PMULB132
Swiss blk CUPS 1CT,PBLKB132
Swiss CAMO CUPS 1CT,PCAMB132
Swiss TURQOUIS CUPS 1CT,PTB132
America blu CUPS 1CT,ABB132
America Grn CUPS 1CT,AGB132
America Ylw CUPS 1CT,AYB132
America ORANGE CUPS 1CT,AOB132
America PURPLE CUPS 1CT,APB132
America multi CUPS 1CT,AMULB132
America blk CUPS 1CT,ABLKB132
America CAMO CUPS 1CT,ACAMB132
America TURQOUIS CUPS 1CT,ATB132
Panama blu CUPS 1CT,PBB132
Panama Grn CUPS 1CT,PGB132
Panama Ylw CUPS 1CT,PYB132
Panama ORANGE CUPS 1CT,POB132
Panama PURPLE CUPS 1CT,PPB132
Panama multi CUPS 1CT,PMULB132
Panama blk CUPS 1CT,PBLKB132
Panama CAMO CUPS 1CT,PCAMB132
Panama TURQOUIS CUPS 1CT,PTB132
Swiss blu CUPS 1CT,PBB132
Swiss Grn CUPS 1CT,PGB132
Swiss Ylw CUPS 1CT,PYB132
Swiss ORANGE CUPS 1CT,POB132
Swiss PURPLE CUPS 1CT,PPB132
Swiss multi CUPS 1CT,PMULB132
Swiss blk CUPS 1CT,PBLKB132
Swiss CAMO CUPS 1CT,PCAMB132
Swiss TURQOUIS CUPS 1CT,PTB132